,city,lat_x,lon_x,lat_y,lon_y,compare_lat,compare_lon
0,Алейск,52.4922513,82.7793606,52.4970221,82.7730755,False,False
1,Барнаул,53.3479968,83.7798064,53.347402,83.7784496,False,False
2,Белокуриха,51.996152,84.9839604,51.9994856,84.9860861,False,False
3,Бийск,52.5393864,85.2138453,52.5394905,85.2148673,False,False
4,Горняк,50.9979622,81.4643358,51.0004641,81.4638583,False,False
5,Заринск,53.7063476,84.9315081,53.707915,84.9348606,False,False
6,Змеиногорск,51.1581094,82.1872547,51.1544658,82.1979928,False,False
7,Камень-на-Оби,53.7913974,81.3545053,53.7936761,81.3516358,False,False
8,Новоалтайск,53.4119759,83.9311069,53.393341,83.939407,False,False
9,Рубцовск,51.5012067,81.2078695,51.5276264,81.2176174,False,False
10,Славгород,52.999463,78.6459232,52.9892428,78.646251,False,False
11,Яровое,52.9252146,78.5729775,52.919704,78.563568,False,False
12,Белогорск,50.9213415,128.4739471,50.921326,128.47287,False,False
13,Белогорск,50.9213415,128.4739471,45.0584385,34.594959,False,False
14,Белогорск,45.057202,34.5999029,50.921326,128.47287,False,False
15,Белогорск,45.057202,34.5999029,45.0584385,34.594959,False,False
16,Благовещенск,50.290659,127.527198,50.290527,127.527161,False,False
17,Благовещенск,50.290659,127.527198,55.031143,55.981876,False,False
18,Благовещенск,55.0499867,55.9553186,50.290527,127.527161,False,False
19,Благовещенск,55.0499867,55.9553186,55.031143,55.981876,False,False
20,Завитинск,50.1064111,129.4391813,50.111154,129.4402341,False,False
21,Зея,53.7340088,127.265787,53.7403584,127.2716246,False,False
22,Райчихинск,49.7941615,129.4112492,49.7967994,129.4031691,False,False
23,Свободный,51.3614103,128.1219729,51.377354,128.13475,False,False
24,Сковородино,53.9871095,123.9437205,53.9862567,123.9373454,False,False
25,Тында,55.1546441,124.7468904,55.149694,124.7375884,False,False
26,Циолковский,51.762481,128.1219846,51.7632244,128.13269628906585,False,False
27,Шимановск,52.0051886,127.7005458,51.9987022,127.6719156,False,False
28,Архангельск,64.5394289,40.5169606,64.543022,40.537121,False,False
29,Вельск,61.066,42.1032789,61.0756446,42.0979582,False,False
30,Каргополь,61.5009724,38.9636966,61.509121,38.940796,False,False
31,Коряжма,61.2885948,47.1003015,61.3151659,47.1607626,False,False
32,Котлас,61.2528972,46.633242,61.252151,46.647629,False,False
33,Мезень,65.8398078,44.2532273,65.843956,44.244141,False,False
34,Мирный,62.7645265,40.3360076,62.762352,40.328644,False,False
35,Мирный,62.7645265,40.3360076,62.541077,113.978584,False,False
36,Мирный,62.536232,113.9667728,62.762352,40.328644,False,False
37,Мирный,62.536232,113.9667728,62.541077,113.978584,False,False
38,Нарьян-Мар,67.63777777777779,53.00666666666667,,,False,False
39,Новодвинск,64.4136851,40.8208143,64.419212,40.793793,False,False
40,Няндома,61.6654674,40.2062947,61.6612985,40.1970404,False,False
41,Онега,63.9162928,38.0805031,63.91644255,38.08026770943984,False,False
42,Северодвинск,64.5625385,39.8180934,64.563385,39.823769,False,False
43,Сольвычегодск,61.3319616,46.920441,61.331333,46.918938,False,False
44,Шенкурск,62.1057272,42.8996973,62.1059279,42.9076435,False,False
45,Астрахань,46.3655652,48.0559236,46.3498308,48.0326203,False,False
46,Ахтубинск,48.2752034,46.1906462,48.2877616,46.1744879,False,False
47,Знаменск,48.5866291,45.7368019,48.588829,45.725632,False,False
48,Камызяк,46.110579,48.07333,46.120527,48.0815617,False,False
49,Нариманов,46.6916565,47.8502476,46.692261,47.851238,False,False
50,Харабали,47.408999,47.2525345,47.4083742,47.2538899,False,False
51,Алексеевка,50.6299647,38.6880342,50.6299364,38.6867154,False,False
52,Белгород,50.5976472,36.5856652,50.5955595,36.5873394,False,False
53,Бирюч,50.6484585,38.4005083,50.6491642,38.3999281,False,False
54,Валуйки,50.2111207,38.0998772,50.211296,38.100227,False,False
55,Грайворон,50.4862958,35.6663877,50.4837728,35.6712018,False,False
56,Губкин,51.2837123,37.5347759,51.283714,37.53466,False,False
57,Короча,50.8129041,37.1896436,50.810741,37.195316,False,False
58,Новый Оскол,50.7633747,37.8775484,50.764427,37.863338,False,False
59,Старый Оскол,51.2967101,37.8350182,51.298038,37.833202,False,False
60,Строитель,50.7845099,36.4887648,50.785236,36.485428,False,False
61,Шебекино,50.4004883,36.8877889,50.409153,36.894012,False,False
62,Брянск,53.2419535,34.3652146,53.2423778,34.3668288,False,False
63,Дятьково,53.5958178,34.3551812,53.6003804,34.3335523,False,False
64,Жуковка,53.5340397,33.7302579,53.5329608,33.7320863,False,False
65,Злынка,52.4267015,31.7360399,52.4274018,31.7371106,False,False
66,Карачев,53.1296524,34.9888727,53.124191,34.996758,False,False
67,Клинцы,52.7529119,32.233911,52.758511,32.240097,False,False
68,Мглин,53.0599771,32.8468129,53.0591919,32.8500077,False,False
69,Новозыбков,52.537173,31.9357991,52.537086,31.93367,False,False
70,Почеп,52.9154851,33.4744058,52.92878,33.454536,False,False
71,Севск,52.1483358,34.4918415,52.156021,34.494572,False,False
72,Сельцо,53.3739884,34.1059172,53.369976,34.100616,False,False
73,Стародуб,52.5852257,32.760403,52.584446,32.760098,False,False
74,Сураж,53.0170888,32.3938878,53.0131501,32.3931633,False,False
75,Трубчевск,52.5791734,33.7660547,52.5835,33.767467,False,False
76,Унеча,52.8461199,32.6757629,52.8451,32.6867,False,False
77,Фокино,53.4554145,34.4159238,53.4526625,34.4154587,False,False
78,Фокино,53.4554145,34.4159238,42.9772084,132.404905,False,False
79,Фокино,42.9706317,132.4110196,53.4526625,34.4154587,False,False
80,Фокино,42.9706317,132.4110196,42.9772084,132.404905,False,False
81,Александров,56.391819,38.7111123,56.3962287,38.7111103,False,False
82,Владимир,56.1280804,40.4084376,56.1288899,40.4075203,False,False
83,Вязники,56.29773,42.2687398,56.24514,42.137577,False,False
84,Гороховец,56.2021036,42.6926111,56.20657,42.679035,False,False
85,Гусь-Хрустальный,55.6198751,40.6579929,55.6149968,40.6708665,False,False
86,Камешково,56.3490152,40.9955183,56.3462575,40.997098,False,False
87,Карабаново,56.3131822,38.7034257,56.3084431,38.6981274,False,False
88,Киржач,56.1486863,38.8635701,56.1592229,38.8721255,False,False
89,Ковров,56.3554349,41.3170576,56.374603,41.311676,False,False
90,Кольчугино,56.3327254,39.391336,56.2939784,39.3759931,False,False
91,Костерево,55.9337222,39.6247398,,,False,False
92,Курлово,55.452698,40.6124108,55.4550805,40.6106078,False,False
93,Лакинск,56.0180587,39.956551,56.015093,39.946558,False,False
94,Меленки,55.3387515,41.6340046,55.3368374,41.6314063,False,False
95,Муром,55.5630311,42.0231362,55.5738,42.0447,False,False
96,Петушки,55.9298134,39.4508075,55.92980185,39.4508310119064,False,False
97,Покров,55.9166398,39.1734526,55.9151547,39.16632666876916,False,False
98,Радужный,55.9960277,40.3321855,55.9939587,40.3294411,False,False
99,Радужный,55.9960277,40.3321855,,,False,False
100,Радужный,62.1342888,77.4584094,55.9939587,40.3294411,False,False
101,Радужный,62.1342888,77.4584094,,,False,False
102,Собинка,55.9939169,40.0179653,55.9903976,40.0150802,False,False
103,Струнино,56.3749967,38.5839667,56.374,38.586,False,False
104,Судогда,55.9498056,40.8562939,55.95650075,40.87630713906415,False,False
105,Суздаль,56.4274441,40.4525692,56.4193908,40.4487893,False,False
106,Юрьев-Польский,56.4937757,39.6680539,56.4971948,39.67864,False,False
107,Волгоград,48.7070042,44.5170339,48.7081906,44.5153353,False,False
108,Волжский,48.7978209,44.7462538,48.782102,44.7779843,False,False
109,Дубовка,49.0554742,44.8270085,49.06052,44.830776,False,False
110,Жирновск,50.9768814,44.7858202,50.978779,44.778908,False,False
111,Калач-на-Дону,48.6889024,43.5306303,48.692699,43.524063,False,False
112,Камышин,50.0651529,45.3844202,50.0808422,45.4048003,False,False
113,Котельниково,47.6310259,43.1330872,47.6332274,43.14109,False,False
114,Котово,50.3205766,44.8030699,50.322208,44.801643,False,False
115,Краснослободск,48.7068721,44.5630857,48.7045848,44.5637959,False,False
116,Краснослободск,48.7068721,44.5630857,54.41722155,43.78771247915593,False,False
117,Краснослободск,54.4248207,43.7845011,48.7045848,44.5637959,False,False
118,Краснослободск,54.4248207,43.7845011,54.41722155,43.78771247915593,False,False
119,Ленинск,48.6936061,45.1992692,48.6941186,45.199215,False,False
120,Михайловка,50.0708719,43.2401512,50.0796329,43.2343877,False,False
121,Николаевск,50.0165306,45.4731658,50.03146,45.454487,False,False
122,Новоаннинский,50.5296067,42.6666439,50.529675,42.667362,False,False
123,Палласовка,50.0500944,46.8804277,50.045901,46.8896382,False,False
124,Петров Вал,50.1380557,45.20914,50.139622,45.2141,False,False
125,Серафимович,49.5663183,42.7360402,49.580608,42.730164,False,False
126,Суровикино,48.618917,42.8541163,48.605141,42.844147,False,False
127,Урюпинск,50.7903789,42.0288513,50.7970972,42.0051866,False,False
128,Фролово,49.7649148,43.6648641,49.7645711,43.6539516,False,False
129,Бабаево,59.3892583,35.9377058,59.3969942,35.940425,False,False
130,Белозерск,60.0308381,37.7890586,60.03199,37.7842189,False,False
131,Великий Устюг,60.7603913,46.3054414,60.7612852,46.3014666,False,False
132,Вологда,59.2483905,39.8355662,59.218876,39.893276,False,False
133,Вытегра,61.0063465,36.4495137,61.006355,36.451122,False,False
134,Грязовец,58.8757553,40.2485362,58.8841692,40.2515006,False,False
135,Кадников,59.5037764,40.3441148,59.5014752,40.340584,False,False
136,Кириллов,59.8591523,38.3748782,59.8588453,38.3760743,False,False
137,Красавино,60.9612823,46.4814116,60.9617195,46.4778243,False,False
138,Никольск,59.5351837,45.4576137,59.5304186,45.4585029,False,False
139,Никольск,59.5351837,45.4576137,53.714596,46.085175,False,False
140,Никольск,53.7137496,46.0799857,59.5304186,45.4585029,False,False
141,Никольск,53.7137496,46.0799857,53.714596,46.085175,False,False
142,Сокол,59.4758605,40.1114187,59.462799,40.112858,False,False
143,Тотьма,59.9734998,42.7589506,59.975856,42.7568023,False,False
144,Устюжна,58.8383117,36.4425478,58.8428204,36.4296982,False,False
145,Харовск,59.9479423,40.2000298,59.9533237,40.2068249,False,False
146,Череповец,59.1269212,37.9090497,59.128696,37.916389,False,False
147,Бобров,51.0901649,40.0318256,51.0967999,40.0307798,False,False
148,Богучар,49.9352454,40.5590801,49.9324498,40.5544754,False,False
149,Борисоглебск,51.3655754,42.1008334,51.368015,42.075169,False,False
150,Бутурлиновка,50.8311818,40.5976923,50.828491,40.587322,False,False
151,Воронеж,51.6593332,39.1969229,51.6605982,39.2005858,False,False
152,Калач,50.4242134,41.0162014,50.4259519,41.0161721,False,False
153,Лиски,50.9945626,39.5184909,50.982079,39.496941,False,False
154,Нововоронеж,51.3091524,39.2162843,51.30905,39.2160054,False,False
155,Новохоперск,51.0952211,41.6173404,,,False,False
156,Острогожск,50.8677905,39.0407746,50.864902,39.077244,False,False
157,Павловск,50.453455,40.136874,50.4520214,40.1399663,False,False
158,Поворино,51.1954419,42.2472726,51.199276,42.24094,False,False
159,Россошь,50.1701949,39.6226965,50.1961874,39.5764857,False,False
160,Семилуки,51.6951644,39.0190454,51.690403,39.022186,False,False
161,Эртиль,51.830932,40.8074182,51.8367188,40.7982804,False,False
162,Биробиджан,48.7946446,132.9217207,48.7881668,132.9282082,False,False
163,Облучье,49.0189345,131.0540102,49.0145149,131.0538038,False,False
164,Балей,51.5823759,116.6379549,51.578789,116.646042,False,False
165,Борзя,50.3876058,116.5234779,50.3851808,116.5330685,False,False
166,Краснокаменск,50.0929703,118.0323936,50.096992,118.041344,False,False
167,Могоча,53.7361398,119.7660867,,,False,False
168,Нерчинск,51.9594977,116.5852383,51.97694,116.588341,False,False
169,Петровск-Забайкальский,51.2748592,108.846681,51.275215,108.854485,False,False
170,Сретенск,52.2461454,117.7117842,52.243191,117.695541,False,False
171,Хилок,51.3634856,110.4590898,51.3628436,110.4579749,False,False
172,Чита,52.0340142,113.4994,52.033409,113.500893,False,False
173,Шилка,51.8497035,116.0334461,51.851639,116.025894,False,False
174,Вичуга,57.2044698,41.9132201,57.220222,41.9245606,False,False
175,Гаврилов Посад,56.5586946,40.1228906,56.5585501,40.1205669,False,False
176,Заволжск,57.4918141,42.1375625,57.4909934,42.13964,False,False
177,Иваново,56.9993792,40.9728272,56.9984452,40.9737394,False,False
178,Кинешма,57.4425463,42.168914,57.4431,42.1400999,False,False
179,Комсомольск,57.0273052,40.3776851,57.027321,40.377602,False,False
180,Кохма,56.9324606,41.0931657,56.9315448,41.0939402,False,False
181,Наволоки,57.4679066,41.9608002,57.4737882,41.962231,False,False
182,Плес,57.4606031,41.5122672,,,False,False
183,Приволжск,57.3805743,41.2808565,57.380333,41.281178,False,False
184,Пучеж,56.9820688,43.1683321,56.982048,43.168003,False,False
185,Родники,57.1025975,41.7298834,57.105225,41.72839,False,False
186,Тейково,56.8542719,40.5353874,56.8554753,40.5405863,False,False
187,Фурманов,57.2539276,41.1054432,57.248756,41.10923,False,False
188,Шуя,56.8560234,41.3800939,56.8558465,41.3838496,False,False
189,Южа,56.5926877,42.0458099,56.5840428,42.0109249,False,False
190,Юрьевец,57.3177781,43.1110401,57.3178792,43.1110178,False,False
191,Алзамай,55.5551233,98.6643699,55.554956,98.6654191,False,False
192,Ангарск,52.544879,103.888543,52.5311117,103.8826109,False,False
193,Байкальск,51.5230393,104.1487532,51.522598,104.149071,False,False
194,Бирюсинск,55.9609167,97.8205348,55.964275,97.824509,False,False
195,Бодайбо,57.8468636,114.1866287,57.8499525,114.2039967,False,False
196,Братск,56.1513108,101.6340035,56.1517085,101.6334907,False,False
197,Вихоревка,56.1208145,101.1702926,56.124722,101.171951,False,False
198,Железногорск-Илимский,56.5847888,104.114275,56.577915,104.12294,False,False
199,Зима,53.920693,102.0491772,53.928402,102.052727,False,False
200,Иркутск,52.2864036,104.2807466,52.289597,104.280586,False,False
201,Киренск,57.7756595,108.1109412,57.776356,108.116295,False,False
202,Нижнеудинск,54.8968931,99.0314056,54.9084881,99.0302862,False,False
203,Саянск,54.1107238,102.18015,54.1123301,102.1785158,False,False
204,Свирск,53.0842668,103.3364093,53.066269,103.342331,False,False
205,Слюдянка,51.6563983,103.7187545,51.656769,103.719292,False,False
206,Тайшет,55.9405334,98.0030145,55.9385304,98.0196711,False,False
207,Тулун,54.557162,100.5780603,54.562096,100.579216,False,False
208,Усолье-Сибирское,52.7565808,103.6388109,52.7512013,103.6621625,False,False
209,Усть-Илимск,57.9430504,102.7415734,57.959473,102.734192,False,False
210,Усть-Кут,56.7928178,105.7757343,56.780561,105.7489287,False,False
211,Черемхово,53.1369095,103.0901268,53.148434,103.070145,False,False
212,Шелехов,52.2102538,104.0973294,52.2097478,104.097683,False,False
213,Баксан,43.6819137,43.5345036,43.6820626,43.5344319,False,False
214,Майский,43.6281516,44.0517314,43.6282481,44.0518741,False,False
215,Нальчик,43.4845464,43.60713,43.4769604,43.5966578,False,False
216,Нарткала,43.5578075,43.8575925,43.5566193,43.8517142,False,False
217,Прохладный,43.7589602,44.0102409,43.7590017,44.0103981,False,False
218,Терек,43.4839358,44.1402161,43.4826692,44.1363776,False,False
219,Тырныауз,43.3981585,42.9213582,43.3958986,42.9230751,False,False
220,Чегем,43.5671525,43.5865792,43.57070415,43.59283554179869,False,False
221,Багратионовск,54.3866518,20.6418091,54.3868191,20.6405124,False,False
222,Балтийск,54.6513372,19.9140572,54.6437214,19.8941584,False,False
223,Гвардейск,54.6588378,21.0501388,54.6478265,21.0719431,False,False
224,Гурьевск,54.770638,20.6039767,54.7745571,20.6037041,False,False
225,Гурьевск,54.770638,20.6039767,54.284954,85.931091,False,False
226,Гурьевск,54.2859263,85.9475985,54.7745571,20.6037041,False,False
227,Гурьевск,54.2859263,85.9475985,54.284954,85.931091,False,False
228,Гусев,54.5915455,22.1942445,54.592144,22.2015209,False,False
229,Зеленоградск,54.9600185,20.4753652,54.9600365,20.4750188,False,False
230,Калининград,54.7074702,20.5073241,54.710128,20.5105838,False,False
231,Краснознаменск,54.9453423,22.4928745,54.9417584,22.4913626,False,False
232,Краснознаменск,54.9453423,22.4928745,55.5971787,37.0395057,False,False
233,Краснознаменск,55.5978959,37.0393709,54.9417584,22.4913626,False,False
234,Краснознаменск,55.5978959,37.0393709,55.5971787,37.0395057,False,False
235,Ладушкин,54.5692156,20.1690153,54.5712666,20.1734409,False,False
236,Мамоново,54.4646036,19.9453482,54.4636264,19.9414303,False,False
237,Неман,55.0316524,22.0324064,55.0359656,22.0293578,False,False
238,Нестеров,54.6313814,22.5713736,54.6325455,22.5710998,False,False
239,Озерск,54.4084705,22.0134438,,,False,False
240,Озерск,54.4084705,22.0134438,55.76046,60.705101,False,False
241,Озерск,55.763154,60.7076198,,,False,False
242,Озерск,55.763154,60.7076198,55.76046,60.705101,False,False
243,Пионерский,54.9516574,20.2277424,54.948227,20.22591,False,False
244,Полесск,54.8625126,21.0998067,54.860252,21.107027,False,False
245,Правдинск,54.4430986,21.0085269,54.447144,21.01399,False,False
246,Приморск,54.7311437,19.9981926,,,False,False
247,Приморск,54.7311437,19.9981926,60.366665,28.616673,False,False
248,Приморск,60.3660209,28.6135772,,,False,False
249,Приморск,60.3660209,28.6135772,60.366665,28.616673,False,False
250,Светлогорск,54.9439286,20.1514295,54.9417552,20.1550863,False,False
251,Светлый,54.6772897,20.1357595,54.673355,20.131153,False,False
252,Славск,55.0449714,21.6742367,55.04549,21.679073,False,False
253,Советск,55.0809336,21.8886106,55.0809688,21.8882673,False,False
254,Советск,55.0809336,21.8886106,57.5861888,48.9586978,False,False
255,Советск,55.0809336,21.8886106,53.9346588,37.6320858,False,False
256,Советск,57.584196,48.9590272,55.0809688,21.8882673,False,False
257,Советск,57.584196,48.9590272,57.5861888,48.9586978,False,False
258,Советск,57.584196,48.9590272,53.9346588,37.6320858,False,False
259,Советск,53.9338874,37.6316141,55.0809688,21.8882673,False,False
260,Советск,53.9338874,37.6316141,57.5861888,48.9586978,False,False
261,Советск,53.9338874,37.6316141,53.9346588,37.6320858,False,False
262,Черняховск,54.6244751,21.7969062,54.635533,21.8099822,False,False
263,Балабаново,55.1773714,36.6566951,55.1783579,36.6575564,False,False
264,Белоусово,55.0956803,36.677629,55.089725,36.6613397,False,False
265,Боровск,55.2130096,36.4926251,55.2067186,36.4813883,False,False
266,Ермолино,55.1971758,36.5952722,55.1959779,36.5959883,False,False
267,Жиздра,53.7521926,34.7386592,53.748543,34.735447,False,False
268,Жуков,55.0301833,36.7394903,55.0338,36.7489,False,False
269,Калуга,54.5059848,36.2516245,54.5101087,36.2598115,False,False
270,Киров,54.0790111,34.3076201,54.074322,34.302608,False,False
271,Киров,54.0790111,34.3076201,58.6035257,49.6639029,False,False
272,Киров,58.6035264,49.6679304,54.074322,34.302608,False,False
273,Киров,58.6035264,49.6679304,58.6035257,49.6639029,False,False
274,Козельск,54.0347201,35.780768,54.037102,35.780102,False,False
275,Кондрово,54.7959473,35.9274842,54.8028,35.9322,False,False
276,Кременки,54.8862447,37.1168701,,,False,False
277,Людиново,53.8700828,34.4385915,53.8454692,34.43152145267353,False,False
278,Малоярославец,55.0177123,36.4633603,55.012181,36.4590246,False,False
279,Медынь,54.9689785,35.8872168,54.9695,35.857,False,False
280,Мещовск,54.3191471,35.2816918,54.31521515,35.28841228898365,False,False
281,Мосальск,54.4824939,34.9872239,54.487293,34.978954,False,False
282,Обнинск,55.0943144,36.6121639,55.0951738,36.611913,False,False
283,Сосенский,54.0566016,35.9621646,54.0516143,35.9589929,False,False
284,Спас-Деменск,54.409922,34.0189631,54.4118,34.032398,False,False
285,Сухиничи,54.097296,35.3443568,54.099659,35.345821,False,False
286,Таруса,54.7236477,37.1671,54.7293536,37.1815538,False,False
287,Юхнов,54.7446445,35.2424346,54.7415766,35.2264393,False,False
288,Вилючинск,52.9302415,158.4057632,52.931834,158.405383,False,False
289,Елизово,53.1830375,158.3883548,53.1864972,158.3836712,False,False
290,Петропавловск-Камчатский,53.036908,158.6559254,53.0199838,158.6471356,False,False
291,Карачаевск,43.7732525,41.9143472,43.7715594,41.911979,False,False
292,Теберда,43.4437731,41.7415142,43.4410989,41.7436988,False,False
293,Усть-Джегута,44.0838442,41.9711046,44.0858961,41.9722557,False,False
294,Черкесск,44.2269425,42.0466704,44.22552875,42.05987514558208,False,False
295,Анжеро-Судженск,56.0786281,86.0201278,56.077808,86.019356,False,False
296,Белово,54.4220968,86.3037373,54.419323,86.303429,False,False
297,Березовский,55.6693513,86.2744459,55.6696946,86.275154,False,False
298,Березовский,55.6693513,86.2744459,,,False,False
299,Березовский,56.9095924,60.8180907,55.6696946,86.275154,False,False
300,Березовский,56.9095924,60.8180907,,,False,False
301,Калтан,53.5210919,87.2771636,53.519459,87.286179,False,False
302,Кемерово,55.3910651,86.0467781,55.355125,86.087234,False,False
303,Киселевск,54.0059999,86.6366116,,,False,False
304,Ленинск-Кузнецкий,54.6674492,86.1797324,54.665443,86.166115,False,False
305,Мариинск,56.2127383,87.7454924,56.206299,87.751259,False,False
306,Междуреченск,53.6865289,88.0702754,53.6863763,88.0703443,False,False
307,Мыски,53.7125695,87.8055646,53.71386,87.800316,False,False
308,Новокузнецк,53.794315,87.2142745,53.757607,87.136101,False,False
309,Осинники,53.5988055,87.3371272,53.606995,87.332893,False,False
310,Полысаево,54.6055,86.2809208,54.603142,86.276024,False,False
311,Прокопьевск,53.8604265,86.7183577,53.890972,86.737663,False,False
312,Салаир,54.2351735,85.8030733,54.232521,85.798386,False,False
313,Тайга,56.0622131,85.6207182,56.065071,85.631325,False,False
314,Таштагол,52.759313,87.8476546,52.759403,87.848267,False,False
315,Топки,55.2764707,85.6152619,55.2751962,85.6228741,False,False
316,Юрга,55.7202694,84.8886399,55.7136,84.934799,False,False
317,Белая Холуница,58.8415239,50.8460699,58.8406817,50.8410741,False,False
318,Вятские Поляны,56.2284817,51.0614855,56.2229946,51.0749038,False,False
319,Зуевка,58.4032152,51.1331606,58.4060241,51.1388605,False,False
320,Кирово-Чепецк,58.5559424,50.0316848,58.5421963,50.0340889,False,False
321,Кирс,59.340056,52.2414437,59.3398971,52.2418232,False,False
322,Котельнич,58.3034832,48.3475597,58.3053524,48.3372596,False,False
323,Луза,60.6290609,47.2612445,60.630329,47.255405,False,False
324,Малмыж,56.5243844,50.6782739,56.5206314,50.6775905,False,False
325,Мураши,59.3955383,48.9638417,59.3951018,48.9644445,False,False
326,Нолинск,57.5597284,49.93575,57.5605739,49.93855792642152,False,False
327,Омутнинск,58.6698913,52.1894564,58.668304,52.17625,False,False
328,Орлов,58.5389776,48.8927723,58.5363174,48.8850765,False,False
329,Слободской,58.7311574,50.1669249,58.7277816,50.1771234,False,False
330,Сосновка,56.2532741,51.2833642,56.2573802,51.2842677,False,False
331,Уржум,57.1097477,50.0058097,57.1101118,50.0003067,False,False
332,Яранск,57.3040326,47.8478737,57.3012512,47.8773055,False,False
333,Буй,58.4733277,41.5306822,58.4816821,41.532956,False,False
334,Волгореченск,57.4424559,41.1594201,57.440105,41.157181,False,False
335,Галич,58.3828191,42.3654013,58.381382,42.347916,False,False
336,Кологрив,58.8269323,44.3184927,58.825497,44.311275,False,False
337,Кострома,57.768,40.927,57.7679158,40.9269141,False,False
338,Макарьев,57.8807152,43.8014197,57.880402,43.80724,False,False
339,Мантурово,58.3265441,44.757494,58.333271,44.761791,False,False
340,Нерехта,57.4543369,40.5723598,57.460655,40.573799,False,False
341,Нея,58.2943349,43.8780948,58.288948,43.886444,False,False
342,Солигалич,59.0784867,42.2878423,59.0775157,42.286097,False,False
343,Чухлома,58.753421,42.6884958,58.7560751,42.6810952,False,False
344,Шарья,58.3760542,45.4062414,58.37257,45.519306,False,False
345,Абинск,44.8679655,38.1618157,44.8649528,38.1578189,False,False
346,Анапа,44.8950433,37.3163282,44.894272,37.316887,False,False
347,Апшеронск,44.4584006,39.7299824,44.4618046,39.741048,False,False
348,Армавир,45.0012149,41.1324168,44.9993585,41.1294061,False,False
349,Белореченск,44.7651876,39.8781494,44.7614149,39.8712943,False,False
350,Геленджик,44.5630007,38.0790852,44.5609447,38.0766832,False,False
351,Горячий Ключ,44.6344864,39.1354738,44.6342653,39.1363613,False,False
352,Гулькевичи,45.3605121,40.6918389,45.3565119,40.6962256,False,False
353,Ейск,46.71157,38.2763895,46.7110877,38.2747683,False,False
354,Кореновск,45.4641703,39.458949,45.4635863,39.4487565,False,False
355,Краснодар,45.0401604,38.9759647,45.0352566,38.9764814,False,False
356,Кропоткин,45.4333007,40.5727951,45.4344413,40.5750274,False,False
357,Крымск,44.9344404,37.9855795,44.9295889,37.9880177,False,False
358,Курганинск,44.8877025,40.5913245,44.8846971,40.5891773,False,False
359,Лабинск,44.6354363,40.7245341,44.6347953,40.7242185,False,False
360,Новокубанск,45.1038699,41.0475175,45.1083184,41.0366896,False,False
361,Новороссийск,44.7235026,37.7686135,44.7239578,37.7690711,False,False
362,Приморско-Ахтарск,46.0515432,38.1704875,46.043181,38.1554803,False,False
363,Славянск-на-Кубани,45.2603626,38.1259774,45.2490605,38.12280565132716,False,False
364,Сочи,43.5854551,39.7231548,43.5854823,39.723109,False,False
365,Темрюк,45.2610949,37.4454412,45.2751663,37.3905481,False,False
366,Тимашевск,45.615923,38.9351837,45.6123531,38.9504299,False,False
367,Тихорецк,45.8546345,40.1260267,45.854679,40.128124,False,False
368,Туапсе,44.1105335,39.0824904,44.0984747,39.0718875,False,False
369,Усть-Лабинск,45.2227359,39.6929577,45.2178027,39.6896725,False,False
370,Хадыженск,44.4122963,39.5320258,44.4231032,39.5369484,False,False
371,Артемовск,54.3473075,93.4358377,,,False,False
372,Ачинск,56.253907,90.4794397,56.2694846,90.4953964,False,False
373,Боготол,56.2098468,89.5299336,56.211464,89.531639,False,False
374,Бородино,55.9054121,94.9020967,55.8997187,94.8930452,False,False
375,Дивногорск,55.9576784,92.3800687,55.959644,92.37542,False,False
376,Дудинка,69.4031364,86.1907218,69.406067,86.175072,False,False
377,Енисейск,58.4485261,92.1651083,58.4532212,92.1748169,False,False
378,Железногорск,56.2529035,93.532273,56.250938,93.53286,False,False
379,Железногорск,56.2529035,93.532273,52.3306193,35.3515011,False,False
380,Железногорск,52.3380202,35.3516867,56.250938,93.53286,False,False
381,Железногорск,52.3380202,35.3516867,52.3306193,35.3515011,False,False
382,Заозерный,55.9617752,94.7091491,,,False,False
383,Зеленогорск,56.1131564,94.5888103,56.11356,94.589279,False,False
384,Игарка,67.4666901,86.5812794,67.4566185,86.5308425,False,False
385,Иланский,56.2374037,96.067267,56.23806,96.06694,False,False
386,Канск,56.2051282,95.7051096,56.205997,95.706787,False,False
387,Кодинск,58.6032644,99.1797962,58.596329,99.182915,False,False
388,Красноярск,56.0093879,92.8524806,56.0090968,92.8725147,False,False
389,Лесосибирск,58.221681,92.5037872,58.223511,92.48597,False,False
390,Минусинск,53.7104586,91.6872907,53.700325,91.697235,False,False
391,Назарово,56.0113799,90.4168775,56.011593,90.418503,False,False
392,Норильск,69.3489978,88.2009846,69.3498394,88.200517,False,False
393,Сосновоборск,56.1202647,93.3354121,56.121494,93.33873,False,False
394,Ужур,55.3141969,89.8333918,55.3197221,89.8424197,False,False
395,Уяр,55.8131263,94.3282601,55.809986,94.327774,False,False
396,Шарыпово,55.5389739,89.1801044,55.5329127,89.1864204,False,False
397,Далматово,56.262114,62.9387011,56.258656,62.939163,False,False
398,Катайск,56.290809,62.5800359,56.290913,62.579082,False,False
399,Курган,55.4443883,65.3161963,55.45435,65.321877,False,False
400,Куртамыш,54.9368539,64.4203722,54.909466,64.428383,False,False
401,Макушино,55.2153947,67.2451705,55.208321,67.252739,False,False
402,Петухово,55.0650077,67.8873408,55.064663,67.887154,False,False
403,Шадринск,56.0870344,63.6297182,56.087364,63.629482,False,False
404,Шумиха,55.2280246,63.2901272,55.228207,63.282501,False,False
405,Щучье,55.2087637,62.7478548,55.208908,62.747772,False,False
406,Дмитриев-Льговский,52.1268464,35.0739038,52.1217424,35.07538926047222,False,False
407,Курск,51.7303637,36.1925603,51.739433,36.179604,False,False
408,Курчатов,51.6604083,35.6572224,51.659466,35.658863,False,False
409,Льгов,51.6597148,35.2612491,51.6906587,35.2839999,False,False
410,Обоянь,51.2119324,36.2755133,51.211079,36.276245,False,False
411,Рыльск,51.5681314,34.6802597,51.570538,34.683506,False,False
412,Суджа,51.1918927,35.2720915,51.190708,35.270855,False,False
413,Фатеж,52.0917728,35.8538706,52.089344,35.859486,False,False
414,Щигры,51.8786014,36.8910945,51.870821,36.9131896,False,False
415,Бокситогорск,59.4734797,33.845688,59.4729021,33.8489952,False,False
416,Волосово,59.4445408,29.4923355,59.44439375,29.492515758626187,False,False
417,Волхов,59.9005958,32.3520756,59.9275868,32.3276803,False,False
418,Всеволожск,60.0191278,30.6456718,60.024006,30.646042,False,False
419,Выборг,60.7130801,28.7328336,60.709217,28.744051,False,False
420,Высоцк,60.6296236,28.5709314,60.6280319,28.5688339,False,False
421,Гатчина,59.565237,30.1282473,59.5706273,30.1305083,False,False
422,Ивангород,59.3766119,28.2231659,59.3744139,28.2192542,False,False
423,Каменногорск,60.950855,29.1308372,60.9526102,29.1303401,False,False
424,Кингисепп,59.3740435,28.6112444,59.3743982,28.5981591,False,False
425,Кириши,59.4742862,32.0624947,59.450325,32.010578,False,False
426,Кировск,59.8754216,30.981364,59.8813954,30.9855331,False,False
427,Кировск,59.8754216,30.981364,67.6151331,33.6637527,False,False
428,Кировск,67.6150424,33.663735,59.8813954,30.9855331,False,False
429,Кировск,67.6150424,33.663735,67.6151331,33.6637527,False,False
430,Коммунар,59.6215133,30.3934125,59.6221955,30.3919223,False,False
431,Кудрово,59.9075226,30.5121008,59.9025191,30.5154613,False,False
432,Лодейное Поле,60.7320936,33.5521022,60.7339323,33.5457731,False,False
433,Луга,58.7374031,29.8465776,58.735699,29.8475013,False,False
434,Любань,59.3493847,31.2484801,59.346325,31.244207,False,False
435,Мурино,60.044862,30.4571456,60.046193,30.4458901,False,False
436,Никольское,59.7043309,30.7874571,59.7034799,30.7861084,False,False
437,Новая Ладога,60.1100135,32.3141203,60.1052425,32.3147626,False,False
438,Отрадное,59.7726848,30.7988557,59.772663,30.802027,False,False
439,Пикалево,59.5132022,34.1772776,,,False,False
440,Подпорожье,60.9127549,34.1567664,60.914291,34.162354,False,False
441,Приозерск,61.0330896,30.1587851,61.0385285,30.1248482,False,False
442,Светогорск,61.1111282,28.8725865,61.1112542,28.8701036,False,False
443,Сертолово,60.1446932,30.2095918,60.143707,30.207806,False,False
444,Сланцы,59.1178185,28.0881475,59.11726,28.086979,False,False
445,Сосновый Бор,59.8772884,29.1291619,59.89695,29.076492,False,False
446,Сясьстрой,60.1401739,32.5601559,60.1397073,32.5637502,False,False
447,Тихвин,59.6272904,33.5072731,59.644323,33.5418624,False,False
448,Тосно,59.5407098,30.877812,59.5412777,30.8773645,False,False
449,Шлиссельбург,59.9443714,31.0333365,59.940431,31.0336955,False,False
450,Грязи,52.4874097,39.9331142,52.49612,39.955162,False,False
451,Данков,53.2577411,39.1456184,53.2533095,39.1591798,False,False
452,Елец,52.6152411,38.5289342,52.6219865,38.5003298,False,False
453,Задонск,52.4004179,38.9205032,52.387798,38.92672,False,False
454,Лебедянь,53.0156117,39.143536,53.0126146,39.127593,False,False
455,Липецк,52.610249,39.5947883,52.6041877,39.5936899,False,False
456,Усмань,52.0442648,39.726401,52.0506929,39.7399996,False,False
457,Чаплыгин,53.24048,39.9670973,53.243015,39.966801,False,False
458,Магадан,59.5681332,150.8084956,59.5604768,150.7988617,False,False
459,Сусуман,62.7805882,148.1540281,,,False,False
460,Москва,55.7540471,37.620405,55.7504461,37.6174943,False,False
461,Апрелевка,55.5276918,37.065143,55.5454564,37.0729156,False,False
462,Балашиха,55.796389,37.938283,55.8036225,37.9646488,False,False
463,Белоозерский,55.4595766,38.4389742,,,False,False
464,Бронницы,55.4255379,38.264145,55.4219938,38.2590612,False,False
465,Верея,55.343369,36.185694,55.343238,36.185145,False,False
466,Видное,55.551725,37.7061984,55.5571496,37.7087142,False,False
467,Волоколамск,56.0356499,35.9585112,56.0360129,35.9583358,False,False
468,Воскресенск,55.3071519,38.7027953,55.322518,38.6816824,False,False
469,Высоковск,56.3359513,36.5251837,56.3205097,36.5521708,False,False
470,Голицыно,55.6190582,36.9856793,55.6149602,36.9887625,False,False
471,Дедовск,55.8703276,37.1245043,55.8597808,37.1206449,False,False
472,Дзержинский,55.6240869,37.8440276,55.6309186,37.8496653,False,False
473,Дмитров,56.3477457,37.526672,56.3450695,37.5200723,False,False
474,Долгопрудный,55.9385999,37.5101021,55.9341491,37.5142417,False,False
475,Домодедово,55.4363283,37.7664984,55.4368213,37.7680693,False,False
476,Дрезна,55.7443143,38.8498479,55.7448093,38.8491341,False,False
477,Дубна,56.741786,37.1757223,56.7362705,37.1623696,False,False
478,Егорьевск,55.3830113,39.0358317,55.3829765,39.0356223,False,False
479,Жуковский,55.599803,38.1224298,55.5972801,38.1199863,False,False
480,Зарайск,54.762456,38.8850978,54.7585694,38.8818137,False,False
481,Звенигород,55.7297089,36.8554029,55.7293613,36.8585382,False,False
482,Ивантеевка,55.9741665,37.9207539,55.9714098,37.9200739,False,False
483,Истра,55.9062267,36.8601454,55.9145993,36.8595482,False,False
484,Кашира,54.853337,38.1904392,54.837449,38.1505119,False,False
485,Клин,56.3425605,36.7240032,56.3355601,36.7351318,False,False
486,Коломна,55.102814,38.7531002,55.0938743,38.7670121,False,False
487,Королев,55.9161773,37.8545415,55.9204898,37.8326289,False,False
488,Котельники,55.6597925,37.8631156,55.661668,37.8673073,False,False
489,Красноармейск,56.105426,38.140838,56.1210895,38.1457655,False,False
490,Красноармейск,56.105426,38.140838,51.025776,45.69252,False,False
491,Красноармейск,51.023541,45.695044,56.1210895,38.1457655,False,False
492,Красноармейск,51.023541,45.695044,51.025776,45.69252,False,False
493,Красногорск,55.8317203,37.3295266,55.821744,37.3404142,False,False
494,Краснозаводск,56.4409979,38.2320307,56.440507,38.244339,False,False
495,Кубинка,55.5754955,36.6951995,55.5755486,36.6952802,False,False
496,Куровское,55.5792277,38.9207723,55.5771391,38.9225824,False,False
497,Ликино-Дулево,55.7078257,38.9578093,,,False,False
498,Лобня,56.0328881,37.4614035,56.0104473,37.4670831,False,False
499,Лосино-Петровский,55.8713214,38.200599,55.8705593,38.2032701,False,False
500,Луховицы,54.9652077,39.0260266,54.9655573,39.0277188,False,False
501,Лыткарино,55.5778163,37.9033507,55.5822477,37.9080217,False,False
502,Люберцы,55.7003989,37.9606238,55.6783142,37.89377,False,False
503,Можайск,55.5069259,36.024043,55.5016383,36.0334703,False,False
504,Мытищи,55.9105782,37.7363579,55.9094928,37.7339358,False,False
505,Наро-Фоминск,55.386185,36.734484,55.3879473,36.7398309,False,False
506,Ногинск,55.8686133,38.4622104,55.8553511,38.4411898,False,False
507,Одинцово,55.6789455,37.263686,55.6711507,37.2727963,False,False
508,Озеры,54.8541006,38.5599196,,,False,False
509,Орехово-Зуево,55.8151421,38.9869822,55.8083278,38.9790038,False,False
510,Павловский Посад,55.7807244,38.6596983,55.7813357,38.6507838,False,False
511,Пересвет,56.4158326,38.1733534,56.4158101,38.1736347,False,False
512,Подольск,55.4389322,37.5703482,55.4308841,37.5453056,False,False
513,Протвино,54.8705984,37.2182749,54.8707703,37.2188629,False,False
514,Пушкино,56.0103638,37.8471403,56.0104274,37.8461892,False,False
515,Пущино,54.8324412,37.6210346,54.8347213,37.6139685,False,False
516,Раменское,55.5495132,38.2728914,55.5709361,38.2282099,False,False
517,Реутов,55.7582621,37.8618553,55.7622453,37.856555,False,False
518,Рошаль,55.6632776,39.8656147,55.6583239,39.8717137,False,False
519,Руза,55.7014744,36.1959206,55.6998907,36.1946992,False,False
520,Сергиев Посад,56.3062548,38.1502661,56.3153529,38.1358208,False,False
521,Серпухов,54.9226466,37.4033859,54.9155247,37.4195533,False,False
522,Солнечногорск,56.185102,36.977631,56.1853501,36.9781536,False,False
523,Старая Купавна,55.810648,38.175624,55.8070323,38.1774172,False,False
524,Ступино,54.886274,38.078228,54.886598,38.0772589,False,False
525,Талдом,56.7308564,37.5276003,56.730941,37.528016,False,False
526,Фрязино,55.9590588,38.0410235,55.954618,38.0567691,False,False
527,Химки,55.888657,37.4303702,55.8892847,37.4449896,False,False
528,Хотьково,56.2516982,37.9396017,56.2541234,37.9908107,False,False
529,Черноголовка,56.0100707,38.3792047,56.0061165,38.3835224,False,False
530,Чехов,55.1508011,37.4533252,55.1426603,37.4545328,False,False
531,Шатура,55.5777427,39.5445712,55.578403,39.5437584,False,False
532,Щелково,55.9233801,37.9783707,55.9206499,37.9915576,False,False
533,Электрогорск,55.8780241,38.7806752,55.8792983,38.7858721,False,False
534,Электросталь,55.7847291,38.4447045,55.7903785,38.4405711,False,False
535,Электроугли,55.7170877,38.2192563,55.7184467,38.2228192,False,False
536,Яхрома,56.2890516,37.4831799,56.289936,37.4838441,False,False
537,Апатиты,67.5677761,33.4067929,67.568626,33.404392,False,False
538,Гаджиево,69.2491311,33.315341,69.250359,33.315281,False,False
539,Заозерск,69.4003584,32.4501496,,,False,False
540,Заполярный,69.4132852,30.7984312,69.426239,30.819939,False,False
541,Кандалакша,67.1567974,32.4143218,67.151442,32.4130551,False,False
542,Ковдор,67.5661417,30.4741941,67.563049,30.474108,False,False
543,Кола,68.8786028,33.0262299,68.880638,33.019726,False,False
544,Мончегорск,67.9386153,32.9359719,67.939903,32.931679,False,False
545,Мурманск,69.007721,33.0685865,68.970665,33.07497,False,False
546,Оленегорск,68.1422058,33.2669407,68.140732,33.282597,False,False
547,Островной,68.0510344,39.5077846,68.0544447,39.5129384,False,False
548,Полярные Зори,67.373084,32.4975636,67.374084,32.495792,False,False
549,Полярный,69.1989583,33.4508591,69.199524,33.445839,False,False
550,Североморск,69.0766801,33.4177759,69.069168,33.416656,False,False
551,Снежногорск,69.1921409,33.2383502,69.19191,33.232357,False,False
552,Арзамас,55.3945814,43.8408141,55.3989463,43.8408129,False,False
553,Балахна,56.495036,43.5758423,56.4870505,43.6039553,False,False
554,Богородск,56.1020828,43.5135442,56.103416,43.516819,False,False
555,Бор,56.3565458,44.0646481,56.3598289,44.0542641,False,False
556,Ветлуга,57.8559204,45.7761957,57.85287,45.7757157,False,False
557,Володарск,56.2169751,43.1596417,56.224304,43.182655,False,False
558,Ворсма,55.989943,43.2718859,55.988102,43.275486,False,False
559,Выкса,55.3207727,42.1678834,55.318774,42.1800408,False,False
560,Горбатов,56.1307769,43.0626185,56.132816,43.058346,False,False
561,Городец,56.6449218,43.4723104,56.647141,43.476002,False,False
562,Дзержинск,56.2376047,43.4599416,56.2382157,43.4617405,False,False
563,Заволжье,56.6404286,43.3872492,56.639992,43.399353,False,False
564,Княгинино,55.8205915,45.032337,55.821281,45.031601,False,False
565,Кстово,56.1432084,44.1664198,56.149551,44.198032,False,False
566,Кулебаки,55.4296181,42.5125538,55.429287,42.511879,False,False
567,Лукоянов,55.0326225,44.4933807,55.034821,44.492725,False,False
568,Лысково,56.0262359,45.035771,56.027885,45.038315,False,False
569,Навашино,55.543811,42.1887089,55.544071,42.188671,False,False
570,Нижний Новгород,56.3240627,44.0053913,56.328571,44.003506,False,False
571,Павлово,55.9797564,43.0995042,55.965137,43.071114,False,False
572,Первомайск,54.8675792,43.8013992,54.8666491,43.8054106,False,False
573,Перевоз,55.5967718,44.5448369,55.596546,44.544846,False,False
574,Саров,54.9228268,43.3448089,54.934631,43.334606,False,False
575,Семенов,56.7889794,44.4902885,,,False,False
576,Сергач,55.5201515,45.4813231,55.532822,45.4616976,False,False
577,Урень,57.4612572,45.7833293,57.4614974,45.7878911,False,False
578,Чкаловск,56.7651262,43.242077,56.764915,43.243324,False,False
579,Шахунья,57.6764293,46.6129009,57.6730182,46.6152378,False,False
580,Боровичи,58.3840197,33.9175929,58.389009,33.9068275,False,False
581,Валдай,57.9823766,33.2369436,57.9791414,33.2537994,False,False
582,Великий Новгород,58.5213846,31.2755394,58.5609587,31.2809005856491,False,False
583,Малая Вишера,58.8458379,32.2247401,58.844215,32.218636,False,False
584,Окуловка,58.3910296,33.2901557,58.3740782,33.3009383,False,False
585,Пестово,58.5973723,35.8143898,58.5981825,35.81432054429986,False,False
586,Сольцы,58.1201281,30.309351,58.119003,30.309679,False,False
587,Старая Русса,57.990737,31.3554897,57.9898923,31.3634905,False,False
588,Холм,57.145108,31.1787499,57.15407425,31.17085196949452,False,False
589,Чудово,59.1248394,31.6866241,59.1240916,31.686279384661383,False,False
590,Барабинск,55.35146,78.3464506,55.3567611,78.350348,False,False
591,Бердск,54.7582156,83.1070605,54.75795,83.1068095,False,False
592,Болотное,55.6692421,84.3906889,55.6715707,84.388557,False,False
593,Искитим,54.6267603,83.2951244,54.6426269,83.3035676,False,False
594,Карасук,53.7343189,78.0422967,53.73447,78.032372,False,False
595,Каргат,55.1945666,80.2829495,55.1929899,80.2828252,False,False
596,Куйбышев,55.4685094,78.3242048,55.4454258,78.3222294,False,False
597,Купино,54.366055,77.2973368,54.364929,77.30854,False,False
598,Новосибирск,55.028191,82.9211489,54.96781445,82.95159894278376,False,False
599,Обь,54.9945576,82.6937181,54.9951335,82.6933946,False,False
600,Татарск,55.2146167,75.9739914,,,False,False
601,Тогучин,55.2251631,84.4104118,55.23769,84.402458,False,False
602,Черепаново,54.2206476,83.3724521,54.226101,83.370468,False,False
603,Чулым,55.0906867,80.9592508,55.09,80.970459,False,False
604,Исилькуль,54.9096002,71.2816284,54.904892,71.259987,False,False
605,Калачинск,55.0598155,74.5653644,,,False,False
606,Называевск,55.5689323,71.3503426,55.564896,71.349365,False,False
607,Омск,54.9848566,73.3674517,54.991375,73.371529,False,False
608,Тара,56.9160511,74.3649194,56.902587,74.3698652,False,False
609,Тюкалинск,55.8703415,72.1954747,55.870556,72.196617,False,False
610,Абдулино,53.6778906,53.6472483,53.6828,53.655701,False,False
611,Бугуруслан,53.6523728,52.4326853,53.6247165,52.4182422,False,False
612,Бузулук,52.7881277,52.2624877,52.788502,52.253899,False,False
613,Гай,51.4649189,58.4436875,51.471443,58.440517,False,False
614,Кувандык,51.4783857,57.3612636,51.478756,57.350796,False,False
615,Медногорск,51.4037617,57.583163,51.4049435,57.5803138,False,False
616,Новотроицк,51.1964202,58.3018192,51.20521645,58.32671530043477,False,False
617,Оренбург,51.7875092,55.1018828,51.767452,55.097118,False,False
618,Орск,51.2294282,58.4752777,51.2305015,58.4738015,False,False
619,Соль-Илецк,51.1633736,54.9896726,51.161289,54.996372,False,False
620,Сорочинск,52.426685,53.1542745,52.426971,53.154175,False,False
621,Ясный,51.036838,59.874344,51.036957,59.873268,False,False
622,Болхов,53.4438496,36.0076833,53.448994,36.002232,False,False
623,Дмитровск,52.5054851,35.1415009,52.509418,35.145725,False,False
624,Ливны,52.4284558,37.6039506,52.4253859,37.6089,False,False
625,Малоархангельск,52.4002192,36.5038579,52.399578,36.504021,False,False
626,Мценск,53.2788438,36.5749105,53.278984,36.576077,False,False
627,Новосиль,52.97454,37.0437146,52.972939,37.041908,False,False
628,Орел,52.9671298,36.0696427,52.96801715,36.09949941816104,False,False
629,Белинский,52.9640996,43.4183212,52.9669338,43.4130625,False,False
630,Городище,53.2726916,45.7026142,53.273724,45.702282,False,False
631,Заречный,53.1960836,45.1689907,53.196014,45.169273,False,False
632,Заречный,53.1960836,45.1689907,56.8149706,61.3205936,False,False
633,Заречный,56.8102931,61.3380029,53.196014,45.169273,False,False
634,Заречный,56.8102931,61.3380029,56.8149706,61.3205936,False,False
635,Каменка,53.1855463,44.0469717,53.1850012,44.0529066,False,False
636,Кузнецк,53.1130888,46.605092,53.11946635,46.59347676165702,False,False
637,Нижний Ломов,53.5300905,43.6730217,53.529991,43.673626,False,False
638,Пенза,53.1753314,45.0348625,53.1937836,45.006741250609664,False,False
639,Сердобск,52.4697595,44.2122414,52.461506,44.213924,False,False
640,Спасск,53.9271974,43.1859073,53.92689525,43.19261628955434,False,False
641,Сурск,53.0761357,45.6910796,53.072903,45.686054,False,False
642,Александровск,59.1613221,57.5763459,59.1632189,57.58063244559492,False,False
643,Березники,59.4079923,56.8039427,59.4084171,56.8036958,False,False
644,Верещагино,58.0797571,54.6581309,58.0721045,54.6674847,False,False
645,Горнозаводск,58.3742532,58.3231716,58.374001,58.325058,False,False
646,Гремячинск,58.5626082,57.8520572,58.566597,57.833389,False,False
647,Губаха,58.8371721,57.554533,58.842407,57.555058,False,False
648,Добрянка,58.469685,56.4130737,58.46192485,56.42029448825272,False,False
649,Кизел,59.0512783,57.6471028,59.049252,57.6535,False,False
650,Красновишерск,60.3901321,57.0535682,60.40546155,57.08203197046519,False,False
651,Краснокамск,58.0822065,55.7479936,58.0833042,55.76998972536403,False,False
652,Кудымкар,59.0167925,54.6572508,59.0128843,54.65837091312176,False,False
653,Кунгур,57.4283296,56.9438656,57.3915362,56.98942623195818,False,False
654,Лысьва,58.0995875,57.8086825,58.09963345,57.796450638987736,False,False
655,Нытва,57.9336725,55.3356084,57.943423,55.3316349,False,False
656,Оса,57.2889515,55.4688668,57.2829207,55.4602059,False,False
657,Оханск,57.7180034,55.3872469,57.7217578,55.386051,False,False
658,Очер,57.8852686,54.7161091,,,False,False
659,Пермь,58.0102583,56.2342034,58.0230679,56.232803119037456,False,False
660,Соликамск,59.6482998,56.771009,59.649437,56.779594,False,False
661,Усолье,59.4277573,56.6837872,59.4180251,56.6830803,False,False
662,Чайковский,56.7781501,54.1477965,56.7787468,54.1500704,False,False
663,Чердынь,60.4011933,56.4799933,60.4046807,56.4752752,False,False
664,Чермоз,58.7842834,56.1507138,,,False,False
665,Чернушка,56.5160768,56.0763049,56.500682,56.0762788,False,False
666,Чусовой,58.2974596,57.8193615,58.282055,57.821075,False,False
667,Арсеньев,44.1622031,133.2696209,44.1608008,133.2889113,False,False
668,Артем,43.3501675,132.1596175,43.3570377,132.1853629,False,False
669,Большой Камень,43.1111742,132.3480082,43.1121194,132.3509104,False,False
670,Владивосток,43.1164904,131.8823937,43.1150678,131.8855768,False,False
671,Дальнегорск,44.5539457,135.5662716,44.559457,135.5759241,False,False
672,Дальнереченск,45.9308483,133.7316907,45.9337195,133.7349056,False,False
673,Лесозаводск,45.4780092,133.4186199,45.4747744,133.4182158,False,False
674,Находка,42.8239372,132.8927361,42.8246489,132.8926,False,False
675,Партизанск,43.1280578,133.1264567,43.1413275,133.1436968,False,False
676,Спасск-Дальний,44.5901175,132.8157288,44.5980135,132.815701,False,False
677,Уссурийск,43.7971818,131.9518229,43.7972447,131.9520752,False,False
678,Великие Луки,56.332208,30.5508641,56.342361,30.527922,False,False
679,Гдов,58.7432429,27.8264809,58.743066,27.8156854,False,False
680,Дно,57.826974,29.9629389,57.8288277,29.9611357,False,False
681,Невель,56.0201973,29.9239983,56.017616,29.917128,False,False
682,Новоржев,57.029807,29.3433083,57.031181,29.332918,False,False
683,Новосокольники,56.3408431,30.1527573,56.347385,30.152925,False,False
684,Опочка,56.710725,28.6717519,56.71167,28.656818,False,False
685,Остров,57.3451528,28.3437593,57.344631,28.357817,False,False
686,Печоры,57.8145817,27.622259,57.813305,27.608185,False,False
687,Порхов,57.7765219,29.5436626,57.765289,29.551878,False,False
688,Псков,57.8194415,28.3317198,57.817398,28.334368,False,False
689,Пустошка,56.3374813,29.3668055,56.3350632,29.3684565,False,False
690,Пыталово,57.0637952,27.9236214,57.062908,27.921061,False,False
691,Себеж,56.2908554,28.4724326,56.2893393,28.4825575,False,False
692,Адыгейск,44.878414,39.190289,44.8833775,39.1909625,False,False
693,Майкоп,44.6098268,40.1006606,44.6062079,40.104053,False,False
694,Горно-Алтайск,51.9581028,85.9603235,51.957775,85.963653,False,False
695,Агидель,55.8999056,53.9220144,55.899276,53.9374202,False,False
696,Баймак,52.5912896,58.3110998,52.597919,58.30756,False,False
697,Белебей,54.1034582,54.1113129,54.106495,54.107811,False,False
698,Белорецк,53.9676488,58.4100419,53.9680705,58.4099549,False,False
699,Бирск,55.4155753,55.5582214,55.4206774,55.5407179,False,False
700,Давлеканово,54.2226707,55.0312373,54.218571,55.026661,False,False
701,Дюртюли,55.4848318,54.8524765,55.490616,54.863895,False,False
702,Ишимбай,53.4545764,56.0438751,53.454655,56.043995,False,False
703,Кумертау,52.7564939,55.7970197,52.760975,55.796482,False,False
704,Межгорье,54.2397689,57.9614547,54.2410247,57.9736815,False,False
705,Мелеуз,52.9589532,55.9282838,52.96328,55.928612,False,False
706,Нефтекамск,56.088377,54.2483061,56.0884031,54.2478094,False,False
707,Октябрьский,54.4815311,53.4655972,54.4809722,53.4660062,False,False
708,Салават,53.3616974,55.9245224,53.361687,55.924641,False,False
709,Сибай,52.7204651,58.6663783,52.720425,58.665466,False,False
710,Стерлитамак,53.6300864,55.9317089,53.632374,55.952259,False,False
711,Туймазы,54.5999224,53.6950623,54.606537,53.6974004,False,False
712,Уфа,54.734944,55.9578468,54.7261409,55.947499,False,False
713,Учалы,54.3067375,59.4125461,54.316597,59.384636,False,False
714,Янаул,56.2650146,54.929907,56.27076,54.931702,False,False
715,Бабушкин,51.7112755,105.8673219,51.7161749,105.8635328,False,False
716,Гусиноозерск,51.2865048,106.5230319,51.3174054,106.44796676012972,False,False
717,Закаменск,50.372713,103.286699,50.377804,103.291527,False,False
718,Кяхта,50.346543,106.4533516,50.353176,106.44915,False,False
719,Северобайкальск,55.635614,109.3361505,55.635967,109.335648,False,False
720,Улан-Удэ,51.8335853,107.5842223,51.8357841,107.5839105,False,False
721,Буйнакск,42.8214424,47.1165263,42.8260906,47.1219624,False,False
722,Дагестанские Огни,42.1152296,48.1939354,42.1152434,48.1864201,False,False
723,Дербент,42.058966,48.2907452,42.057858,48.2887648,False,False
724,Избербаш,42.5650962,47.8710051,42.5710804,47.862999,False,False
725,Каспийск,42.8916007,47.6367066,42.8881414,47.6424676,False,False
726,Кизилюрт,43.203825,46.8729636,43.1999049,46.8713343,False,False
727,Кизляр,43.8484083,46.7233699,43.8546727,46.7139329,False,False
728,Махачкала,42.9849159,47.5047181,42.9830241,47.5048717,False,False
729,Хасавюрт,43.2504665,46.5851292,43.246916,46.5855184,False,False
730,Южно-Сухокумск,44.6602467,45.6499523,44.662231,45.645138,False,False
731,Карабулак,43.3055248,44.9094582,43.3094909,44.910334,False,False
732,Магас,43.1688611,44.8131207,43.1666497,44.8048191,False,False
733,Малгобек,43.5096646,44.5901963,43.5127189,44.5869588,False,False
734,Назрань,43.2257841,44.7645779,43.2320774,44.7540128,False,False
735,Сунжа,43.3204196,45.0476331,43.3183664,45.05310873784765,False,False
736,Городовиковск,46.0875083,41.935537,46.082851,41.934269,False,False
737,Лагань,45.3930912,47.3432602,45.392059,47.361282,False,False
738,Элиста,46.3083344,44.2702088,46.306999,44.270187,False,False
739,Беломорск,64.5378417,34.7799462,64.5216684,34.7625835,False,False
740,Кемь,64.9543539,34.5949263,64.9550895,34.5697446,False,False
741,Кондопога,62.2059817,34.2682122,62.20929,34.268185,False,False
742,Костомукша,64.5889398,30.6016832,64.5873013,30.5969076,False,False
743,Лахденпохья,61.518881,30.1996116,61.5179265,30.2038927,False,False
744,Медвежьегорск,62.9127626,34.4568489,62.915024,34.473339,False,False
745,Олонец,60.9794025,32.9725519,60.979276,32.9749376,False,False
746,Петрозаводск,61.7891264,34.3596434,61.790039,34.390007,False,False
747,Питкяранта,61.5757191,31.4640557,61.5717807,31.4744211,False,False
748,Пудож,61.8058821,36.5329941,61.808434,36.536045,False,False
749,Сегежа,63.7437572,34.3126982,63.7477006,34.31492949809534,False,False
750,Сортавала,61.703367,30.6916998,61.70274,30.691231,False,False
751,Суоярви,62.0787293,32.3499386,62.09551245,32.366268473677,False,False
752,Воркута,67.4974082,64.061034,67.4948535,64.0399469,False,False
753,Вуктыл,63.8615274,57.3165402,63.844337,57.300171,False,False
754,Емва,62.5965137,50.8732125,62.598297,50.887928,False,False
755,Инта,66.0367316,60.1152961,66.039749,60.13158,False,False
756,Микунь,62.3579068,50.0719503,62.358238,50.08218,False,False
757,Печора,65.148584,57.2239777,65.1155035,57.1616254,False,False
758,Сосногорск,63.5989841,53.876293,63.58523435,53.90040175016682,False,False
759,Сыктывкар,61.6686617,50.8358151,61.6685237,50.8352024,False,False
760,Усинск,65.994147,57.5569423,65.995731,57.5571267,False,False
761,Ухта,63.5565514,53.7014239,63.5624585,53.684243,False,False
762,Алупка,44.4164605,34.0444797,44.4204046,34.0483715,False,False
763,Алушта,44.6764304,34.4100624,44.677112,34.4095393,False,False
764,Армянск,46.1059307,33.6910012,46.113261,33.6904091,False,False
765,Бахчисарай,44.7514769,33.8752176,44.7522963,33.8534782,False,False
766,Джанкой,45.7092306,34.3883372,45.7093755,34.3899131,False,False
767,Евпатория,45.190629,33.367634,45.1980721,33.36944258725357,False,False
768,Керчь,45.3562627,36.4674513,45.3534002,36.4538645,False,False
769,Красноперекопск,45.9537576,33.7921939,45.9565346,33.7979467,False,False
770,Саки,45.1341997,33.6033383,45.1319466,33.6001281,False,False
771,Симферополь,44.9482948,34.1001151,44.9521457,34.1024858,False,False
772,Старый Крым,45.029058,35.0901474,45.0293926,35.0881549,False,False
773,Судак,44.8504679,34.9762034,44.8488369,34.971099,False,False
774,Феодосия,45.0318393,35.3824259,45.033669,35.3753628,False,False
775,Щелкино,45.4288991,35.825165,45.393622,35.83208068979651,False,False
776,Ялта,44.4953612,34.166308,44.4970713,34.1586871,False,False
777,Волжск,55.8623156,48.3715083,55.8636579,48.3618598,False,False
778,Звенигово,55.9738571,48.0170245,55.9718239,48.016105,False,False
779,Йошкар-Ола,56.6343662,47.8999706,56.6477914,47.881715511024034,False,False
780,Козьмодемьянск,56.3334036,46.546675,56.3324346,46.5462855,False,False
781,Ардатов,54.8465544,46.2411232,54.8436669,46.2386314,False,False
782,Инсар,53.8770022,44.3696566,53.867741,44.371407,False,False
783,Ковылкино,54.0391072,43.9191539,54.0380912,43.9156202,False,False
784,Рузаевка,54.0581967,44.9490466,54.058735,44.954391,False,False
785,Саранск,54.1809332,45.1862632,54.18671,45.18383,False,False
786,Темников,54.6310583,43.2161099,54.6342327,43.21511935549957,False,False
787,Алдан,58.6094283,125.3817188,58.608414,125.388222,False,False
788,Верхоянск,67.5502451,133.390735,67.5495068,133.3874618,False,False
789,Вилюйск,63.7517616,121.627284,63.754082,121.626549,False,False
790,Ленск,60.7276196,114.9548255,60.7145488,114.9172123,False,False
791,Нерюнгри,56.6599953,124.7202403,56.6579435,124.7123042,False,False
792,Нюрба,63.2828955,118.3242437,63.286648,118.354149,False,False
793,Олекминск,60.3758006,120.4060878,,,False,False
794,Покровск,61.4843503,129.1482392,61.48327,129.1540617,False,False
795,Среднеколымск,67.4582218,153.7069425,67.455497,153.7071456,False,False
796,Томмот,58.9586859,126.2875462,58.968536,126.266853,False,False
797,Удачный,66.4071765,112.3061555,66.411768,112.2517294,False,False
798,Якутск,62.0281405,129.7325887,62.027287,129.732086,False,False
799,Алагир,43.0417684,44.2199715,43.039841,44.220451,False,False
800,Ардон,43.1755152,44.2955775,43.1758059,44.3055486,False,False
801,Беслан,43.1937529,44.5338707,43.1875572,44.5375689,False,False
802,Владикавказ,43.020588,44.6819182,43.024593,44.68211,False,False
803,Дигора,43.1567628,44.1549483,43.160561,44.157784,False,False
804,Моздок,43.7471342,44.6569607,43.735584,44.653614,False,False
805,Агрыз,56.5232864,52.9943775,56.5254597,52.9972512,False,False
806,Азнакаево,54.8598642,53.0745527,54.8629555,53.0792275,False,False
807,Альметьевск,54.9014619,52.2970467,54.9005008,52.2963777,False,False
808,Арск,56.0912567,49.877067,56.0909916,49.8771828,False,False
809,Бавлы,54.4062891,53.2458065,54.4030866,53.2357016,False,False
810,Болгар,54.974891,49.0303882,54.9747437,49.0302075,False,False
811,Бугульма,54.5363495,52.7895849,54.5384152,52.7955953,False,False
812,Буинск,54.9641538,48.2901209,54.9722866,48.2928964,False,False
813,Елабуга,55.7567107,52.0543794,55.7577131,52.0539938,False,False
814,Заинск,55.299053,52.0062972,55.2866509,52.0056047,False,False
815,Зеленодольск,55.8466651,48.5010954,55.8477605,48.5097031,False,False
816,Иннополис,55.7521699,48.7446846,55.7522603,48.7445774,False,False
817,Казань,55.7943584,49.1114975,55.7823547,49.1242266,False,False
818,Кукмор,56.1861392,50.8970238,56.1865318,50.8972087,False,False
819,Лаишево,55.4042867,49.5499838,55.4051397,49.55569253230886,False,False
820,Лениногорск,54.5967034,52.4431906,54.5994324,52.4469099,False,False
821,Мамадыш,55.7150413,51.4129016,55.7090757,51.4089032,False,False
822,Менделеевск,55.895169,52.3143347,55.8878706,52.308443,False,False
823,Мензелинск,55.7270698,53.1003968,55.7255585,53.1071815,False,False
824,Набережные Челны,55.7434619,52.3959165,55.7419774,52.399207,False,False
825,Нижнекамск,55.6313609,51.8144669,55.6412879,51.8160376,False,False
826,Нурлат,54.4281461,50.8049337,54.4297351,50.8019579,False,False
827,Тетюши,54.936516,48.8314533,54.9342754,48.8319574,False,False
828,Чистополь,55.3699139,50.6285784,55.3714831,50.6367311,False,False
829,Ак-Довурак,51.178452,90.5985129,51.174081,90.5999914,False,False
830,Кызыл,51.7191047,94.4376882,51.7190995,94.4300627,False,False
831,Туран,52.1449619,93.9173396,,,False,False
832,Чадан,51.2844502,91.5788609,51.286018,91.582817,False,False
833,Шагонар,51.5346393,92.9199675,51.538721,92.9194074,False,False
834,Абаза,52.6516647,90.0885686,52.6510546,90.101159,False,False
835,Абакан,53.7223325,91.4436721,53.7206497,91.4403553,False,False
836,Саяногорск,53.1008083,91.4122454,53.0899015,91.4128377,False,False
837,Сорск,54.0002888,90.2594446,54.0834652,90.0184549555963,False,False
838,Черногорск,53.8259342,91.3260229,53.82378765,91.29181719923317,False,False
839,Азов,47.1121589,39.4232555,47.1139219,39.4259657,False,False
840,Аксай,47.2676314,39.8756872,47.268696,39.861362,False,False
841,Батайск,47.1383299,39.7507179,47.138527,39.742348,False,False
842,Белая Калитва,48.1769737,40.8033529,48.1751778,40.7902124,False,False
843,Волгодонск,47.5165338,42.1984951,47.5412272,42.22788957160185,False,False
844,Гуково,48.0448904,39.9484672,48.0460281,39.94867724242869,False,False
845,Донецк,48.3350706,39.945891,48.3382864,39.9509488,False,False
846,Зверево,48.0435487,40.1265822,48.020645,40.118561,False,False
847,Зерноград,46.8495958,40.312837,46.844845,40.304813,False,False
848,Каменск-Шахтинский,48.3205326,40.2689583,48.3210807,40.2650679,False,False
849,Константиновск,47.5773717,41.0967445,47.582352,41.097084,False,False
850,Красный Сулин,47.8831311,40.0781298,47.891552,40.071899,False,False
851,Миллерово,48.9260077,40.3984087,48.9196264,40.391854,False,False
852,Морозовск,48.3511807,41.8309225,48.352379,41.828762,False,False
853,Новочеркасск,47.411919,40.1042098,47.41066,40.101986,False,False
854,Новошахтинск,47.757773,39.9363697,47.79626975,39.89356042203927,False,False
855,Пролетарск,46.7038963,41.727594,46.700161,41.724079,False,False
856,Ростов-на-Дону,47.2224566,39.718803,47.2213858,39.7114196,False,False
857,Сальск,46.4752095,41.5410415,46.476669,41.541008,False,False
858,Семикаракорск,47.5177337,40.8114167,47.516393,40.8122575,False,False
859,Таганрог,47.2094917,38.9350989,47.2392184,38.87550310009352,False,False
860,Цимлянск,47.6477448,42.0931505,47.650585,42.098232,False,False
861,Шахты,47.7085287,40.2159846,47.7119167,40.2115699,False,False
862,Касимов,54.9373475,41.3913211,54.939693,41.39518,False,False
863,Кораблино,53.9246659,40.0227745,53.92099,40.019211,False,False
864,Михайлов,54.2297402,39.0091481,54.230217,39.027538,False,False
865,Новомичуринск,54.0376572,39.74654,54.043011,39.744011,False,False
866,Рыбное,54.7256164,39.5134398,54.7268415,39.5088612,False,False
867,Ряжск,53.7067584,40.0522274,53.708878,40.062984,False,False
868,Рязань,54.6254445,39.7358609,54.6702523,39.68844236231995,False,False
869,Сасово,54.3508885,41.9117422,54.35392,41.926643,False,False
870,Скопин,53.823543,39.5492421,53.823524,39.549274,False,False
871,Спас-Клепики,55.1291721,40.1745338,55.130867,40.176037,False,False
872,Спасск-Рязанский,54.4070719,40.3763426,54.4078801,40.380539,False,False
873,Шацк,54.0287312,41.7181803,54.028687,41.712601,False,False
874,Жигулевск,53.4011981,49.4945176,,,False,False
875,Кинель,53.2210298,50.6343776,53.219738,50.633228,False,False
876,Нефтегорск,52.7972914,51.1637392,52.80381,51.163864,False,False
877,Новокуйбышевск,53.0994565,49.9477382,53.099243,49.948364,False,False
878,Октябрьск,53.1640488,48.670762,53.164191,48.6712489,False,False
879,Отрадный,53.3800848,51.3438605,53.376175,51.348053,False,False
880,Похвистнево,53.6498299,52.1235156,53.646797,52.123344,False,False
881,Самара,53.1950306,50.1069518,53.198627,50.113987,False,False
882,Сызрань,53.1558674,48.4744629,53.15538,48.474121,False,False
883,Тольятти,53.5205348,49.3894028,53.51495,49.407574,False,False
884,Чапаевск,52.928961,49.8673269,52.981285,49.711193,False,False
885,Санкт-Петербург,59.9391313,30.3159004,59.938732,30.316229,False,False
886,Аркадак,51.938831,43.4999221,51.942913,43.489098,False,False
887,Аткарск,51.8736062,45.0003247,51.882442,45.012573,False,False
888,Балаково,52.0224231,47.7827765,52.01812,47.819141,False,False
889,Балашов,51.5388697,43.1839757,51.537084,43.1717621,False,False
890,Вольск,52.0459865,47.3873595,52.042755,47.386032,False,False
891,Ершов,51.3508505,48.2762226,51.34985,48.275078,False,False
892,Калининск,51.4993591,44.4710435,51.499947,44.484581,False,False
893,Красный Кут,50.9598317,46.9712016,50.9459056,46.972462,False,False
894,Маркс,51.7133337,46.7400339,51.7069911,46.7483653,False,False
895,Новоузенск,50.455199,48.1413153,50.462326,48.135532,False,False
896,Петровск,52.3094237,45.3851877,52.3094494,45.3889831,False,False
897,Пугачев,52.0159921,48.7972223,,,False,False
898,Ртищево,52.2616271,43.7842248,52.259884,43.787853,False,False
899,Саратов,51.533557,46.034257,51.53952715,46.03338615081432,False,False
900,Хвалынск,52.4951572,48.1045771,52.495499,48.105888,False,False
901,Шиханы,52.1147391,47.2023118,52.114838,47.198475,False,False
902,Энгельс,51.4854003,46.126722,51.5013775,46.1233093,False,False
903,Александровск-Сахалинский,50.8974378,142.1578559,50.9013548,142.1654195993644,False,False
904,Анива,46.713152,142.5265804,46.7147768,142.527515,False,False
905,Долинск,47.3255783,142.7945071,47.3241456,142.7979361,False,False
906,Корсаков,46.6324545,142.799445,46.632815,142.7810147,False,False
907,Курильск,45.2270954,147.8796323,45.2290413,147.8751845,False,False
908,Макаров,48.6236334,142.7803205,48.6242527,142.7814002,False,False
909,Невельск,46.6526899,141.8630725,46.6879219,141.8599427,False,False
910,Оха,53.5867839,142.9412411,53.5891082,142.9497542,False,False
911,Поронайск,49.238866,143.1008333,49.2216366,143.1015759,False,False
912,Северо-Курильск,50.6730577,156.1282211,50.6683048,156.1154399,False,False
913,Томари,47.7620108,142.0615837,47.7612087,142.063478,False,False
914,Углегорск,49.0815774,142.0692639,49.079296,142.0633622,False,False
915,Холмск,47.0408423,142.041688,47.0545875,142.0487125,False,False
916,Южно-Сахалинск,46.9591631,142.737976,46.9574273,142.727438,False,False
917,Алапаевск,57.8475571,61.6693817,57.850811,61.695,False,False
918,Арамиль,56.694632,60.8343125,56.6954649,60.8504536,False,False
919,Артемовский,57.3384177,61.8947443,57.3998447,61.96666621799851,False,False
920,Асбест,57.0052277,61.4581156,57.0052746,61.4580765,False,False
921,Богданович,56.7764795,62.0463679,56.7683407,62.0520774,False,False
922,Верхний Тагил,57.3763758,59.9517653,57.3748048,59.9320354,False,False
923,Верхняя Пышма,56.9758903,60.5650383,56.9724682,60.5738926,False,False
924,Верхняя Салда,58.0465803,60.5560164,58.043598,60.554832,False,False
925,Верхняя Тура,58.3643685,59.8265235,58.3605,59.81823,False,False
926,Верхотурье,58.8622073,60.8103945,58.861702,60.809338,False,False
927,Волчанск,59.9351707,60.0798618,59.9347177,60.0779677,False,False
928,Дегтярск,56.7048206,60.079138,56.698341,60.086807,False,False
929,Екатеринбург,56.8385216,60.6054911,56.839104,60.60825,False,False
930,Ивдель,60.6944496,60.4245069,60.6973287,60.4172583,False,False
931,Ирбит,57.6838362,63.057675,57.674042,63.063778,False,False
932,Каменск-Уральский,56.414962,61.9188674,56.415451,61.917797,False,False
933,Камышлов,56.8465034,62.7119766,56.846161,62.712154,False,False
934,Карпинск,59.7665925,60.0011703,59.7667893,60.0009267,False,False
935,Качканар,58.7051762,59.4839155,58.6981697,59.4810114,False,False
936,Кировград,57.4299433,60.0624051,57.4264892,60.0664537,False,False
937,Краснотурьинск,59.7636635,60.1934525,59.764631,60.1936117,False,False
938,Красноуральск,58.348651,60.0408764,58.357063,60.037445,False,False
939,Красноуфимск,56.612387,57.7636637,56.604538,57.771313,False,False
940,Кушва,58.2826013,59.7645766,58.281757,59.762329,False,False
941,Лесной,58.6348516,59.7981565,58.63644,59.789658,False,False
942,Михайловск,56.4370039,59.1137316,56.444538,59.124191,False,False
943,Михайловск,56.4370039,59.1137316,45.1324913,42.0263304,False,False
944,Михайловск,45.1297323,42.0288443,56.444538,59.124191,False,False
945,Михайловск,45.1297323,42.0288443,45.1324913,42.0263304,False,False
946,Невьянск,57.49131,60.2183429,57.4924036,60.2105408,False,False
947,Нижние Серги,56.6544959,59.2953035,56.6619,59.30003,False,False
948,Нижний Тагил,57.910126,59.9812853,57.905149,59.9508466,False,False
949,Нижняя Салда,58.0748272,60.7025418,58.071352,60.7146772,False,False
950,Нижняя Тура,58.6309267,59.8520344,58.618427,59.867397,False,False
951,Новая Ляля,59.0538977,60.5944825,59.052734,60.595974,False,False
952,Новоуральск,57.2472567,60.0956714,57.247047,60.095818,False,False
953,Первоуральск,56.9080085,59.942926,56.904858,59.943119,False,False
954,Полевской,56.4956952,60.2365298,56.442108,60.165859,False,False
955,Ревда,56.7986319,59.9071591,56.8000651,59.9086688,False,False
956,Реж,57.3717477,61.3833842,57.370647,61.4042865,False,False
957,Североуральск,60.1533109,59.9525245,60.15016,59.960517,False,False
958,Серов,59.6047724,60.5753882,59.6051905,60.574043,False,False
959,Среднеуральск,56.9918901,60.4771018,56.991631,60.46888,False,False
960,Сухой Лог,56.9076193,62.0358093,56.9047389,62.0350233,False,False
961,Сысерть,56.5005715,60.8190003,56.5030175,60.8093215,False,False
962,Тавда,58.0434672,65.274217,58.0413743,65.2719986,False,False
963,Талица,57.0122687,63.7320757,57.014816,63.730244,False,False
964,Туринск,58.0393524,63.6981973,58.041454,63.697552,False,False
965,Севастополь,44.6167013,33.525355,44.6054434,33.5220842,False,False
966,Велиж,55.6057916,31.1856206,55.6045223,31.1949976,False,False
967,Вязьма,55.2116983,34.2951663,55.2103563,34.2995187,False,False
968,Гагарин,55.5525228,34.9950502,55.55338655,34.99051315482606,False,False
969,Демидов,55.2682105,31.5062809,55.2643778,31.5178326,False,False
970,Десногорск,54.146457,33.2833222,54.1516661,33.2881028,False,False
971,Дорогобуж,54.9136959,33.3023162,54.9148236,33.2989051,False,False
972,Духовщина,55.1950257,32.401252,55.1907803,32.4060434,False,False
973,Ельня,54.5837795,33.1749867,54.5764954,33.1891698,False,False
974,Починок,54.406244,32.4398039,54.404776,32.4407898,False,False
975,Рославль,53.9449558,32.8480258,53.9448678,32.84793172853266,False,False
976,Рудня,54.9441093,31.0794806,54.9471458,31.0906286,False,False
977,Сафоново,55.1199661,33.2336988,55.1084278,33.2376513,False,False
978,Смоленск,54.782635,32.045251,54.77897005,32.04718121915615,False,False
979,Сычевка,55.8308821,34.2778793,54.356365,32.08746,False,False
980,Ярцево,55.0564732,32.6902302,55.0662279,32.6883609,False,False
981,Благодарный,45.0989782,43.4306455,45.100857,43.420868,False,False
982,Буденновск,44.7816067,44.1650339,,,False,False
983,Георгиевск,44.1485694,43.4739851,44.1478944,43.4741718,False,False
984,Ессентуки,44.0446186,42.8588653,44.03756695,42.850761419668814,False,False
985,Железноводск,44.1320568,43.0306461,44.1424034,43.0090751,False,False
986,Зеленокумск,44.4032668,43.8841877,44.403175,43.884163,False,False
987,Изобильный,45.3684296,41.708702,45.3740796,41.7121154,False,False
988,Ипатово,45.7181751,42.8970206,45.719723,42.916286,False,False
989,Кисловодск,43.9052044,42.7168721,43.9128743,42.7192186,False,False
990,Лермонтов,44.1054107,42.973135,44.1050468,42.9731466,False,False
991,Минеральные Воды,44.2087273,43.138408,44.2107377,43.134969,False,False
992,Невинномысск,44.6226031,41.9476723,44.6245814,41.9475941,False,False
993,Нефтекумск,44.7544552,44.9865347,44.752205,44.985077,False,False
994,Новоалександровск,45.4932733,41.2153996,45.4952532,41.2198866,False,False
995,Новопавловск,43.9617097,43.6342865,43.961891,43.6311,False,False
996,Пятигорск,44.041091,43.0661553,44.039775,43.0706669,False,False
997,Светлоград,45.328659,42.8565714,45.3406133,42.8459286,False,False
998,Ставрополь,45.044516,41.9689655,45.0433245,41.9690934,False,False
999,Жердевка,51.8422192,41.4617687,51.843933,41.470367,False,False
1000,Кирсанов,52.6506335,42.7286445,52.654755,42.72496,False,False
1001,Котовск,52.5924489,41.5101237,52.59332675,41.51307094486083,False,False
1002,Мичуринск,52.8912389,40.5104443,52.8946613,40.5071721,False,False
1003,Моршанск,53.4436216,41.8115478,53.442902,41.813099,False,False
1004,Рассказово,52.6538833,41.874285,52.658699,41.879002,False,False
1005,Тамбов,52.7213154,41.452264,52.72879,41.45536,False,False
1006,Уварово,51.9767841,42.2529799,51.989845,42.258396,False,False
1007,Андреаполь,56.6506724,32.2620163,56.646801,32.26532,False,False
1008,Бежецк,57.7860089,36.6904983,57.781357,36.692535,False,False
1009,Белый,55.8339056,32.9389741,55.833073,32.939487,False,False
1010,Бологое,57.8855767,34.0537771,57.885204,34.049603,False,False
1011,Весьегонск,58.6582598,37.2567558,58.6637264,37.2626496,False,False
1012,Вышний Волочек,57.568302,34.5404016,,,False,False
1013,Западная Двина,56.2566492,32.0805315,56.2588518,32.0706461,False,False
1014,Зубцов,56.1760868,34.5825515,56.170071,34.585182,False,False
1015,Калязин,57.2579478,37.7819693,57.2400206,37.8404883,False,False
1016,Кашин,57.360194,37.6119436,57.361755,37.611454,False,False
1017,Кимры,56.8733213,37.3556605,56.8734395,37.3556968,False,False
1018,Конаково,56.7275204,36.8012716,56.7131572,36.7775654,False,False
1019,Красный Холм,58.0571446,37.1126156,58.056507,37.114731,False,False
1020,Кувшиново,57.0265168,34.1676009,57.0314657,34.1796637,False,False
1021,Лихославль,57.1221304,35.4667605,57.1244437,35.4665276,False,False
1022,Нелидово,56.2232566,32.7767459,56.226097,32.771111,False,False
1023,Осташков,57.1456744,33.1115372,57.1557583,33.1013213,False,False
1024,Ржев,56.262881,34.3291002,56.2565207,34.328649,False,False
1025,Старица,56.514876,34.9336396,56.5081105,34.9314738,False,False
1026,Тверь,56.8586059,35.9116761,56.858675,35.9208284,False,False
1027,Торжок,57.04133,34.9602344,57.040794,34.973373,False,False
1028,Торопец,56.5012188,31.6355466,56.496479,31.641077,False,False
1029,Удомля,57.8787314,35.0167348,57.877998,35.0042,False,False
1030,Асино,56.9907085,86.1765257,56.999187,86.14167,False,False
1031,Кедровый,57.561869,79.5677821,57.56192,79.570801,False,False
1032,Колпашево,58.3114253,82.9025829,58.313667,82.903557,False,False
1033,Северск,56.6031285,84.8809926,56.603161,84.881012,False,False
1034,Стрежевой,60.732895,77.604122,60.732758,77.600807,False,False
1035,Томск,56.4845804,84.9481582,56.488712,84.952324,False,False
1036,Алексин,54.5083349,37.0478067,54.5028103,37.0667213,False,False
1037,Белев,53.8114179,36.1382247,,,False,False
1038,Богородицк,53.7701014,38.1225152,53.773571,38.126965,False,False
1039,Болохово,54.0820349,37.826724,54.085094,37.829109,False,False
1040,Венев,54.3542315,38.2642236,,,False,False
1041,Донской,53.9678944,38.3371824,53.965651,38.3183367,False,False
1042,Ефремов,53.1464766,38.0921657,53.141834,38.116188,False,False
1043,Кимовск,53.9698378,38.5380808,53.9699,38.5327,False,False
1044,Киреевск,53.9319555,37.9220351,53.926712,37.929916,False,False
1045,Липки,53.9417551,37.7020148,53.9402404,37.7018766,False,False
1046,Новомосковск,54.0109075,38.2914024,54.011013,38.290943,False,False
1047,Плавск,53.7096415,37.2862352,53.7068732,37.2920333,False,False
1048,Суворов,54.1343585,36.4807419,54.12236,36.500027,False,False
1049,Тула,54.1920559,37.6153842,54.1930321,37.61754,False,False
1050,Узловая,53.9730452,38.1763201,53.978512,38.160255,False,False
1051,Чекалин,54.0984438,36.2474142,54.0970949,36.2448438,False,False
1052,Щекино,54.0020652,37.5176288,,,False,False
1053,Ясногорск,54.4795484,37.6896048,54.4792708,37.693329,False,False
1054,Белоярский,63.7121099,66.6772226,,,False,False
1055,Губкинский,64.4457594,76.4713274,,,False,False
1056,Заводоуковск,56.5027463,66.5513613,56.509293,66.539261,False,False
1057,Ишим,56.1104858,69.4795776,56.110912,69.473366,False,False
1058,Когалым,62.2639527,74.4829794,,,False,False
1059,Лабытнанги,66.6592841,66.3883009,,,False,False
1060,Лангепас,61.2536939,75.1807763,,,False,False
1061,Лянтор,61.6392863,72.179409,,,False,False
1062,Мегион,61.0318712,76.1025878,,,False,False
1063,Муравленко,63.7940552,74.4948635,,,False,False
1064,Надым,65.5377966,72.5182736,,,False,False
1065,Нефтеюганск,61.0882676,72.6164079,,,False,False
1066,Нижневартовск,60.9396698,76.5696184,,,False,False
1067,Новый Уренгой,66.0839433,76.6809681,,,False,False
1068,Ноябрьск,63.2018039,75.4510581,,,False,False
1069,Нягань,62.1454701,65.3946047,,,False,False
1070,Покачи,61.7422169,75.5941517,,,False,False
1071,Пыть-Ях,60.7585833,72.8365617,,,False,False
1072,Салехард,66.5492077,66.6085318,,,False,False
1073,Советский,61.3706913,63.5667222,,,False,False
1074,Сургут,61.2541083,73.3961587,,,False,False
1075,Тарко-Сале,64.9118803,77.7610236,,,False,False
1076,Тобольск,58.2017299,68.2538558,58.1998048,68.2512924,False,False
1077,Тюмень,57.1529744,65.5344099,57.153534,65.542274,False,False
1078,Урай,60.1296954,64.8038508,,,False,False
1079,Ханты-Мансийск,61.0023984,69.0184798,,,False,False
1080,Югорск,61.3123568,63.3365484,,,False,False
1081,Ялуторовск,56.6547289,66.3122992,56.654934,66.312752,False,False
1082,Воткинск,57.0518149,53.9873096,57.052505,53.990612,False,False
1083,Глазов,58.1359233,52.6635038,58.1401196,52.6464388,False,False
1084,Ижевск,56.852738,53.2114896,56.86051745,53.197730742455306,False,False
1085,Камбарка,56.2659916,54.193374,56.2652515,54.1945613,False,False
1086,Можга,56.4427774,52.2137886,56.44903635,52.21859474400328,False,False
1087,Сарапул,56.4615767,53.8037657,56.4811552,53.78279376532065,False,False
1088,Барыш,53.6533992,47.1181134,53.6540758,47.1013737,False,False
1089,Димитровград,54.2167926,49.6262585,54.2188995,49.6038982,False,False
1090,Инза,53.8549647,46.3533459,53.8579402,46.3573236,False,False
1091,Новоульяновск,54.1447956,48.3910789,54.1464093,48.3916541,False,False
1092,Сенгилей,53.958964,48.7768269,53.9588733,48.7872182,False,False
1093,Ульяновск,54.3079415,48.3748487,54.3107593,48.3642771,False,False
1094,Амурск,50.2344147,136.8792444,50.2299352,136.9014652,False,False
1095,Бикин,46.8185743,134.2550718,46.819363,134.254822,False,False
1096,Вяземский,47.5353379,134.7553856,47.533455,134.757874,False,False
1097,Комсомольск-на-Амуре,50.5498936,137.0079408,50.550877,137.020782,False,False
1098,Николаевск-на-Амуре,53.1460657,140.7111367,53.138729,140.72493,False,False
1099,Советская Гавань,48.9664966,140.285174,48.966297,140.284958,False,False
1100,Хабаровск,48.4647258,135.0598942,48.481403,135.076935,False,False
1101,Аша,54.9906527,57.2783953,54.9908896,57.2780531,False,False
1102,Бакал,54.9406399,58.8051698,54.936657,58.810249,False,False
1103,Верхнеуральск,53.8760961,59.2169852,53.878002,59.21138,False,False
1104,Верхний Уфалей,56.0487158,60.2318886,56.052029,60.226448,False,False
1105,Еманжелинск,54.7554548,61.3243477,54.759121,61.313198,False,False
1106,Златоуст,55.1714905,59.6725549,55.1674213,59.6792625,False,False
1107,Карабаш,55.4852323,60.2358881,55.485809,60.209541,False,False
1108,Карталы,53.0536197,60.6478408,53.053261,60.639172,False,False
1109,Касли,55.8868784,60.7421663,55.8904193,60.7538518,False,False
1110,Катав-Ивановск,54.7521438,58.1983648,54.753479,58.205784,False,False
1111,Копейск,55.116665,61.6179185,55.1131951,61.6216332,False,False
1112,Коркино,54.8903147,61.4034576,54.889923,61.407963,False,False
1113,Куса,55.3386053,59.4385778,55.336521,59.445938,False,False
1114,Кыштым,55.7061276,60.5563781,55.709923,60.551208,False,False
1115,Магнитогорск,53.4072153,58.9791437,53.4242184,58.983136,False,False
1116,Миасс,55.0456457,60.1077572,55.065304,60.108337,False,False
1117,Миньяр,55.0709557,57.548478,55.0709139,57.5485021,False,False
1118,Нязепетровск,56.0536895,59.6097202,56.055508,59.598629,False,False
1119,Пласт,54.3692764,60.8151894,54.369812,60.807091,False,False
1120,Сатка,55.0405288,59.0288975,55.04667015,58.96060250930489,False,False
1121,Сим,54.9907827,57.6900155,54.9872705,57.6847437,False,False
1122,Снежинск,56.0851495,60.7324914,56.087009,60.732674,False,False
1123,Трехгорный,54.8178249,58.4464194,,,False,False
1124,Троицк,54.0843745,61.5586831,54.084549,61.551991,False,False
1125,Усть-Катав,54.9260812,58.152805,54.9307169,58.1743686,False,False
1126,Чебаркуль,54.9818567,60.3773121,54.977795,60.37009,False,False
1127,Челябинск,55.1602624,61.4008078,55.1598408,61.4025547,False,False
1128,Южноуральск,54.448927,61.2581158,54.4425364,61.2682731,False,False
1129,Юрюзань,54.854662,58.4226698,54.870075,58.427807,False,False
1130,Аргун,43.2916774,45.8723105,43.2950455,45.8688918,False,False
1131,Грозный,43.3180145,45.698291,43.3197031,45.6934308,False,False
1132,Гудермес,43.3519142,46.1035645,43.35696145,46.10078636190259,False,False
1133,Курчалой,43.2046547,46.0889364,43.20005,46.090786,False,False
1134,Урус-Мартан,43.120175,45.539276,43.133102,45.538425,False,False
1135,Шали,43.1488691,45.9009629,43.153942,45.906578,False,False
1136,Алатырь,54.8397989,46.5721997,54.84582955,46.5627484284573,False,False
1137,Канаш,55.507,47.4918273,55.5148161,47.49863071889008,False,False
1138,Козловка,55.8406025,48.2577735,55.8414764,48.2484231,False,False
1139,Мариинский Посад,56.111923,47.7142942,56.1178077,47.7220654,False,False
1140,Новочебоксарск,56.1094977,47.4791113,56.09862685,47.51815143056067,False,False
1141,Цивильск,55.8650213,47.4729349,55.8661072,47.473703,False,False
1142,Чебоксары,56.1438298,47.2489782,56.1307195,47.2449597,False,False
1143,Шумерля,55.4962415,46.4182681,55.4985162,46.4186725,False,False
1144,Ядрин,55.9406974,46.2020896,55.9407976,46.2006586,False,False
1145,Анадырь,64.7313924,177.5015421,64.7316875,177.5060925,False,False
1146,Билибино,68.0584191,166.4388172,68.0550305,166.4448515,False,False
1147,Певек,69.7016661,170.2999022,69.7028171,170.2746851,False,False
1148,Гаврилов-Ям,57.3091058,39.8546444,57.3032827,39.8537697,False,False
1149,Данилов,58.1860098,40.1795067,58.188808,40.175114,False,False
1150,Любим,58.3620228,40.686841,58.35762,40.691818,False,False
1151,Мышкин,57.7881684,38.4544224,57.784725,38.451595,False,False
1152,Переславль-Залесский,56.7360544,38.8543617,56.7366104,38.8462821,False,False
1153,Пошехонье,58.5062879,39.1208434,58.503201,39.119701,False,False
1154,Ростов,57.2051315,39.4378622,57.2012699,39.422192111506064,False,False
1155,Рыбинск,58.0485495,38.8584119,58.050373,38.834637,False,False
1156,Тутаев,57.8674993,39.5369627,57.875385,39.527214,False,False
1157,Углич,57.5224249,38.3020044,57.526783,38.316689,False,False
1158,Ярославль,57.6215477,39.8977411,57.6263877,39.8933705,False,False
