,place_id,lat,lon,query_city,query_region
0,257210632.0,52.4970221,82.7730755,Алейск,Алтайский край
1,258390190.0,53.347402,83.7784496,Барнаул,Алтайский край
2,258169961.0,51.9994856,84.9860861,Белокуриха,Алтайский край
3,258937159.0,52.5394905,85.2148673,Бийск,Алтайский край
4,259062368.0,51.0004641,81.4638583,Горняк,Алтайский край
5,259060878.0,53.707915,84.9348606,Заринск,Алтайский край
6,102067728.0,51.1544658,82.1979928,Змеиногорск,Алтайский край
7,258670270.0,53.7936761,81.3516358,Камень-на-Оби,Алтайский край
8,257197346.0,53.393341,83.939407,Новоалтайск,Алтайский край
9,258652879.0,51.5276264,81.2176174,Рубцовск,Алтайский край
10,258666340.0,52.9892428,78.646251,Славгород,Алтайский край
11,259173960.0,52.919704,78.563568,Яровое,Алтайский край
12,128340463.0,50.921326,128.47287,Белогорск,Амурская область
13,259088952.0,50.290527,127.527161,Благовещенск,Амурская область
14,111442996.0,50.111154,129.4402341,Завитинск,Амурская область
15,106507650.0,53.7403584,127.2716246,Зея,Амурская область
16,131666161.0,49.7967994,129.4031691,Райчихинск,Амурская область
17,127115115.0,51.377354,128.13475,Свободный,Амурская область
18,259251185.0,53.9862567,123.9373454,Сковородино,Амурская область
19,128600996.0,55.149694,124.7375884,Тында,Амурская область
20,258450364.0,51.7632244,128.13269628906585,Циолковский,Амурская область
21,258858924.0,51.9987022,127.6719156,Шимановск,Амурская область
22,323635764.0,64.543022,40.537121,Архангельск,Архангельская область
23,302056655.0,61.0756446,42.0979582,Вельск,Архангельская область
24,257032146.0,61.509121,38.940796,Каргополь,Архангельская область
25,257525572.0,61.3151659,47.1607626,Коряжма,Архангельская область
26,258020891.0,61.252151,46.647629,Котлас,Архангельская область
27,110426191.0,65.843956,44.244141,Мезень,Архангельская область
28,113607762.0,62.762352,40.328644,Мирный,Архангельская область
29,258372341.0,67.6380175,53.0071044,Нарьян-Мар,Ненецкий автономный округ
30,258729510.0,64.419212,40.793793,Новодвинск,Архангельская область
31,258059034.0,61.6612985,40.1970404,Няндома,Архангельская область
32,258906763.0,63.91644255,38.08026770943984,Онега,Архангельская область
33,257017710.0,64.563385,39.823769,Северодвинск,Архангельская область
34,124679343.0,61.331333,46.918938,Сольвычегодск,Архангельская область
35,259313737.0,62.1059279,42.9076435,Шенкурск,Архангельская область
36,258305988.0,46.3498308,48.0326203,Астрахань,Астраханская область
37,106474151.0,48.2877616,46.1744879,Ахтубинск,Астраханская область
38,258963212.0,48.588829,45.725632,Знаменск,Астраханская область
39,258785247.0,46.120527,48.0815617,Камызяк,Астраханская область
40,259094455.0,46.692261,47.851238,Нариманов,Астраханская область
41,105980347.0,47.4083742,47.2538899,Харабали,Астраханская область
42,118826913.0,50.6299364,38.6867154,Алексеевка,Белгородская область
43,259323752.0,50.5955595,36.5873394,Белгород,Белгородская область
44,115444238.0,50.6491642,38.3999281,Бирюч,Белгородская область
45,258688680.0,50.211296,38.100227,Валуйки,Белгородская область
46,259522900.0,50.4837728,35.6712018,Грайворон,Белгородская область
47,322027495.0,51.283714,37.53466,Губкин,Белгородская область
48,258973834.0,50.810741,37.195316,Короча,Белгородская область
49,259102554.0,50.764427,37.863338,Новый Оскол,Белгородская область
50,258903626.0,51.298038,37.833202,Старый Оскол,Белгородская область
51,258810620.0,50.785236,36.485428,Строитель,Белгородская область
52,259058085.0,50.409153,36.894012,Шебекино,Белгородская область
53,257182408.0,53.2423778,34.3668288,Брянск,Брянская область
54,259573967.0,53.6003804,34.3335523,Дятьково,Брянская область
55,258810296.0,53.5329608,33.7320863,Жуковка,Брянская область
56,99421184.0,52.4274018,31.7371106,Злынка,Брянская область
57,259820477.0,53.124191,34.996758,Карачев,Брянская область
58,259027886.0,52.758511,32.240097,Клинцы,Брянская область
59,259321750.0,53.0591919,32.8500077,Мглин,Брянская область
60,207613812.0,52.537086,31.93367,Новозыбков,Брянская область
61,259322007.0,52.92878,33.454536,Почеп,Брянская область
62,258964529.0,52.156021,34.494572,Севск,Брянская область
63,259076004.0,53.369976,34.100616,Сельцо,Брянская область
64,120840302.0,52.584446,32.760098,Стародуб,Брянская область
65,259624742.0,53.0131501,32.3931633,Сураж,Брянская область
66,259200374.0,52.5835,33.767467,Трубчевск,Брянская область
67,257219558.0,52.8451,32.6867,Унеча,Брянская область
68,259744391.0,53.4526625,34.4154587,Фокино,Брянская область
69,257575588.0,56.3962287,38.7111103,Александров,Владимирская область
70,258734598.0,56.1288899,40.4075203,Владимир,Владимирская область
71,103797718.0,56.24514,42.137577,Вязники,Владимирская область
72,258157610.0,56.20657,42.679035,Гороховец,Владимирская область
73,258826476.0,55.6149968,40.6708665,Гусь-Хрустальный,Владимирская область
74,258149279.0,56.3462575,40.997098,Камешково,Владимирская область
75,258749755.0,56.3084431,38.6981274,Карабаново,Владимирская область
76,259232208.0,56.1592229,38.8721255,Киржач,Владимирская область
77,258583963.0,56.374603,41.311676,Ковров,Владимирская область
78,257232203.0,56.2939784,39.3759931,Кольчугино,Владимирская область
79,98090251.0,55.9359202,39.63326465284003,Костерёво,Владимирская область
80,258801667.0,55.4550805,40.6106078,Курлово,Владимирская область
81,259594499.0,56.015093,39.946558,Лакинск,Владимирская область
82,257175598.0,55.3368374,41.6314063,Меленки,Владимирская область
83,259275525.0,55.5738,42.0447,Муром,Владимирская область
84,259014746.0,55.929801850000004,39.4508310119064,Петушки,Владимирская область
85,257196329.0,55.9151547,39.16632666876916,Покров,Владимирская область
86,258750764.0,55.9939587,40.3294411,Радужный,Владимирская область
87,259718302.0,55.9903976,40.0150802,Собинка,Владимирская область
88,258662166.0,56.374,38.586,Струнино,Владимирская область
89,259378284.0,55.956500750000004,40.876307139064146,Судогда,Владимирская область
90,258652737.0,56.4193908,40.4487893,Суздаль,Владимирская область
91,115283540.0,56.4971948,39.67864,Юрьев-Польский,Владимирская область
92,259051115.0,48.7081906,44.5153353,Волгоград,Волгоградская область
93,259471499.0,48.782102,44.7779843,Волжский,Волгоградская область
94,124721596.0,49.06052,44.830776,Дубовка,Волгоградская область
95,124876111.0,50.978779,44.778908,Жирновск,Волгоградская область
96,126130601.0,48.692699,43.524063,Калач-на-Дону,Волгоградская область
97,259057040.0,50.0808422,45.4048003,Камышин,Волгоградская область
98,126131017.0,47.6332274,43.14109,Котельниково,Волгоградская область
99,258909710.0,50.322208,44.801643,Котово,Волгоградская область
100,259836972.0,48.7045848,44.5637959,Краснослободск,Волгоградская область
101,258963480.0,48.6941186,45.199215,Ленинск,Волгоградская область
102,258284884.0,50.0796329,43.2343877,Михайловка,Волгоградская область
103,258452642.0,50.03146,45.454487,Николаевск,Волгоградская область
104,115481421.0,50.529675,42.667362,Новоаннинский,Волгоградская область
105,258834480.0,50.045901,46.8896382,Палласовка,Волгоградская область
106,258830437.0,50.139622,45.2141,Петров Вал,Волгоградская область
107,258709436.0,49.580608,42.730164,Серафимович,Волгоградская область
108,124012393.0,48.605141,42.844147,Суровикино,Волгоградская область
109,258651261.0,50.7970972,42.0051866,Урюпинск,Волгоградская область
110,257545101.0,49.7645711,43.6539516,Фролово,Волгоградская область
111,258828090.0,59.3969942,35.940425,Бабаево,Вологодская область
112,109926396.0,60.03199,37.7842189,Белозерск,Вологодская область
113,259377853.0,60.7612852,46.3014666,Великий Устюг,Вологодская область
114,258910249.0,59.218876,39.893276,Вологда,Вологодская область
115,257267362.0,61.006355,36.451122,Вытегра,Вологодская область
116,258830228.0,58.8841692,40.2515006,Грязовец,Вологодская область
117,109318613.0,59.5014752,40.340584,Кадников,Вологодская область
118,259084669.0,59.8588453,38.3760743,Кириллов,Вологодская область
119,99103260.0,60.9617195,46.4778243,Красавино,Вологодская область
120,259335064.0,59.5304186,45.4585029,Никольск,Вологодская область
121,108332603.0,59.462799,40.112858,Сокол,Вологодская область
122,259707583.0,59.975856,42.7568023,Тотьма,Вологодская область
123,257960296.0,58.8428204,36.4296982,Устюжна,Вологодская область
124,117032422.0,59.9533237,40.2068249,Харовск,Вологодская область
125,259240544.0,59.128696,37.916389,Череповец,Вологодская область
126,259531607.0,51.0967999,40.0307798,Бобров,Воронежская область
127,259364370.0,49.9324498,40.5544754,Богучар,Воронежская область
128,259422437.0,51.368015,42.075169,Борисоглебск,Воронежская область
129,259076821.0,50.828491,40.587322,Бутурлиновка,Воронежская область
130,258682365.0,51.6605982,39.2005858,Воронеж,Воронежская область
131,259086324.0,50.4259519,41.0161721,Калач,Воронежская область
132,112401820.0,50.982079,39.496941,Лиски,Воронежская область
133,100532193.0,51.30905,39.2160054,Нововоронеж,Воронежская область
134,258925346.0,51.095146,41.616955,Новохопёрск,Воронежская область
135,259356160.0,50.864902,39.077244,Острогожск,Воронежская область
136,116999320.0,50.4520214,40.1399663,Павловск,Воронежская область
137,259843347.0,51.199276,42.24094,Поворино,Воронежская область
138,258829190.0,50.1961874,39.5764857,Россошь,Воронежская область
139,259082929.0,51.690403,39.022186,Семилуки,Воронежская область
140,259156945.0,51.8367188,40.7982804,Эртиль,Воронежская область
141,258903568.0,48.7881668,132.9282082,Биробиджан,Еврейская автономная область
142,131542776.0,49.0145149,131.0538038,Облучье,Еврейская автономная область
143,153167864.0,51.578789,116.646042,Балей,Забайкальский край
144,137038560.0,50.3851808,116.5330685,Борзя,Забайкальский край
145,259282076.0,50.096992,118.041344,Краснокаменск,Забайкальский край
146,,,,Могоча,Забайкальский край
147,127802565.0,51.97694,116.588341,Нерчинск,Забайкальский край
148,256784738.0,51.275215,108.854485,Петровск-Забайкальский,Забайкальский край
149,138252941.0,52.243191,117.695541,Сретенск,Забайкальский край
150,119657807.0,51.3628436,110.4579749,Хилок,Забайкальский край
151,258973959.0,52.033409,113.500893,Чита,Забайкальский край
152,121905785.0,51.851639,116.025894,Шилка,Забайкальский край
153,258750909.0,57.220222,41.9245606,Вичуга,Ивановская область
154,117967484.0,56.5585501,40.1205669,Гаврилов Посад,Ивановская область
155,258700553.0,57.4909934,42.13964,Заволжск,Ивановская область
156,256157413.0,56.9984452,40.9737394,Иваново,Ивановская область
157,257969019.0,57.4431,42.1400999,Кинешма,Ивановская область
158,258924197.0,57.027321,40.377602,Комсомольск,Ивановская область
159,258668767.0,56.9315448,41.0939402,Кохма,Ивановская область
160,118610811.0,57.4737882,41.962231,Наволоки,Ивановская область
161,116793207.0,57.459187,41.511353,Плёс,Ивановская область
162,258925284.0,57.380333,41.281178,Приволжск,Ивановская область
163,116329708.0,56.982048,43.168003,Пучеж,Ивановская область
164,258925092.0,57.105225,41.72839,Родники,Ивановская область
165,258666543.0,56.8554753,40.5405863,Тейково,Ивановская область
166,258750918.0,57.248756,41.10923,Фурманов,Ивановская область
167,259173438.0,56.8558465,41.3838496,Шуя,Ивановская область
168,155491480.0,56.5840428,42.0109249,Южа,Ивановская область
169,258701692.0,57.3178792,43.1110178,Юрьевец,Ивановская область
170,258982385.0,55.554956,98.6654191,Алзамай,Иркутская область
171,259160790.0,52.5311117,103.8826109,Ангарск,Иркутская область
172,326067381.0,51.522598,104.149071,Байкальск,Иркутская область
173,258823731.0,55.964275,97.824509,Бирюсинск,Иркутская область
174,258629209.0,57.8499525,114.2039967,Бодайбо,Иркутская область
175,259050477.0,56.1517085,101.6334907,Братск,Иркутская область
176,259698247.0,56.124722,101.171951,Вихоревка,Иркутская область
177,258946053.0,56.577915,104.12294,Железногорск-Илимский,Иркутская область
178,259233217.0,53.928402,102.052727,Зима,Иркутская область
179,257192770.0,52.289597,104.280586,Иркутск,Иркутская область
180,114570588.0,57.776356,108.116295,Киренск,Иркутская область
181,259538500.0,54.9084881,99.0302862,Нижнеудинск,Иркутская область
182,156914977.0,54.1123301,102.1785158,Саянск,Иркутская область
183,259252264.0,53.066269,103.342331,Свирск,Иркутская область
184,259104267.0,51.656769,103.719292,Слюдянка,Иркутская область
185,103822614.0,55.9385304,98.0196711,Тайшет,Иркутская область
186,301500219.0,54.562096,100.579216,Тулун,Иркутская область
187,257220626.0,52.7512013,103.6621625,Усолье-Сибирское,Иркутская область
188,258471073.0,57.959473,102.734192,Усть-Илимск,Иркутская область
189,113280112.0,56.780561,105.7489287,Усть-Кут,Иркутская область
190,258378509.0,53.148434,103.070145,Черемхово,Иркутская область
191,798310.0,52.2097478,104.097683,Шелехов,Иркутская область
192,259313373.0,43.6820626,43.5344319,Баксан,Кабардино-Балкарская Республика
193,259637188.0,43.6282481,44.0518741,Майский,Кабардино-Балкарская Республика
194,258897108.0,43.4769604,43.5966578,Нальчик,Кабардино-Балкарская Республика
195,259756015.0,43.5566193,43.8517142,Нарткала,Кабардино-Балкарская Республика
196,258709680.0,43.7590017,44.0103981,Прохладный,Кабардино-Балкарская Республика
197,259147888.0,43.4826692,44.1363776,Терек,Кабардино-Балкарская Республика
198,259672554.0,43.3958986,42.9230751,Тырныауз,Кабардино-Балкарская Республика
199,259467169.0,43.57070415,43.59283554179869,Чегем,Кабардино-Балкарская Республика
200,259263897.0,54.3868191,20.6405124,Багратионовск,Калининградская область
201,309702733.0,54.6437214,19.8941584,Балтийск,Калининградская область
202,257340543.0,54.6478265,21.0719431,Гвардейск,Калининградская область
203,257398744.0,54.7745571,20.6037041,Гурьевск,Калининградская область
204,258647504.0,54.592144,22.2015209,Гусев,Калининградская область
205,309702952.0,54.9600365,20.4750188,Зеленоградск,Калининградская область
206,258247410.0,54.710128,20.5105838,Калининград,Калининградская область
207,258508022.0,54.9417584,22.4913626,Краснознаменск,Калининградская область
208,132779809.0,54.5712666,20.1734409,Ладушкин,Калининградская область
209,106350173.0,54.4636264,19.9414303,Мамоново,Калининградская область
210,258687928.0,55.0359656,22.0293578,Неман,Калининградская область
211,103669012.0,54.6325455,22.5710998,Нестеров,Калининградская область
212,119704238.0,54.408741,22.014359,Озёрск,Калининградская область
213,121730533.0,54.948227,20.22591,Пионерский,Калининградская область
214,235500.0,54.860252,21.107027,Полесск,Калининградская область
215,258860557.0,54.447144,21.01399,Правдинск,Калининградская область
216,,,,Приморск,Калининградская область
217,258889587.0,54.9417552,20.1550863,Светлогорск,Калининградская область
218,258082275.0,54.673355,20.131153,Светлый,Калининградская область
219,105426485.0,55.04549,21.679073,Славск,Калининградская область
220,259085493.0,55.0809688,21.8882673,Советск,Калининградская область
221,258930922.0,54.635533,21.8099822,Черняховск,Калининградская область
222,258348575.0,55.1783579,36.6575564,Балабаново,Калужская область
223,257640315.0,55.089725,36.6613397,Белоусово,Калужская область
224,259286242.0,55.2067186,36.4813883,Боровск,Калужская область
225,257380022.0,55.1959779,36.5959883,Ермолино,Калужская область
226,259475292.0,53.748543,34.735447,Жиздра,Калужская область
227,132246208.0,55.0338,36.7489,Жуков,Калужская область
228,257430965.0,54.5101087,36.2598115,Калуга,Калужская область
229,257903408.0,54.074322,34.302608,Киров,Калужская область
230,258880549.0,54.037102,35.780102,Козельск,Калужская область
231,258628448.0,54.8028,35.9322,Кондрово,Калужская область
232,130754546.0,54.8865166,37.1171605,Кремёнки,Калужская область
233,259017468.0,53.8454692,34.43152145267353,Людиново,Калужская область
234,258919053.0,55.012181,36.4590246,Малоярославец,Калужская область
235,257997240.0,54.9695,35.857,Медынь,Калужская область
236,166281679.0,54.31521515,35.28841228898365,Мещовск,Калужская область
237,258184843.0,54.487293,34.978954,Мосальск,Калужская область
238,257902299.0,55.0951738,36.611913,Обнинск,Калужская область
239,258323713.0,54.0516143,35.9589929,Сосенский,Калужская область
240,259168450.0,54.4118,34.032398,Спас-Деменск,Калужская область
241,258884646.0,54.099659,35.345821,Сухиничи,Калужская область
242,259168471.0,54.7293536,37.1815538,Таруса,Калужская область
243,259475303.0,54.7415766,35.2264393,Юхнов,Калужская область
244,259137680.0,52.931834,158.405383,Вилючинск,Камчатский край
245,258750950.0,53.1864972,158.3836712,Елизово,Камчатский край
246,258171300.0,53.0199838,158.6471356,Петропавловск-Камчатский,Камчатский край
247,259447063.0,43.7715594,41.911979,Карачаевск,Карачаево-Черкесская Республика
248,259823912.0,43.4410989,41.7436988,Теберда,Карачаево-Черкесская Республика
249,259205079.0,44.0858961,41.9722557,Усть-Джегута,Карачаево-Черкесская Республика
250,259357211.0,44.22552875,42.05987514558208,Черкесск,Карачаево-Черкесская Республика
251,259043743.0,56.077808,86.019356,Анжеро-Судженск,Кемеровская область - Кузбасс
252,259498267.0,54.419323,86.303429,Белово,Кемеровская область - Кузбасс
253,257349204.0,55.6696946,86.275154,Берёзовский,Кемеровская область - Кузбасс
254,259520464.0,54.284954,85.931091,Гурьевск,Кемеровская область - Кузбасс
255,259619571.0,53.519459,87.286179,Калтан,Кемеровская область - Кузбасс
256,257156741.0,55.355125,86.087234,Кемерово,Кемеровская область - Кузбасс
257,258702803.0,54.0049872,86.6354771,Киселёвск,Кемеровская область - Кузбасс
258,111732268.0,54.665443,86.166115,Ленинск-Кузнецкий,Кемеровская область - Кузбасс
259,259037985.0,56.206299,87.751259,Мариинск,Кемеровская область - Кузбасс
260,259176671.0,53.6863763,88.0703443,Междуреченск,Кемеровская область - Кузбасс
261,259530029.0,53.71386,87.800316,Мыски,Кемеровская область - Кузбасс
262,258815060.0,53.757607,87.136101,Новокузнецк,Кемеровская область - Кузбасс
263,124440091.0,53.606995,87.332893,Осинники,Кемеровская область - Кузбасс
264,259353727.0,54.603142,86.276024,Полысаево,Кемеровская область - Кузбасс
265,257332232.0,53.890972,86.737663,Прокопьевск,Кемеровская область - Кузбасс
266,258719139.0,54.232521,85.798386,Салаир,Кемеровская область - Кузбасс
267,167142277.0,56.065071,85.631325,Тайга,Кемеровская область - Кузбасс
268,258702296.0,52.759403,87.848267,Таштагол,Кемеровская область - Кузбасс
269,160823999.0,55.2751962,85.6228741,Топки,Кемеровская область - Кузбасс
270,257557908.0,55.7136,84.934799,Юрга,Кемеровская область - Кузбасс
271,259355704.0,58.8406817,50.8410741,Белая Холуница,Кировская область
272,257136950.0,56.2229946,51.0749038,Вятские Поляны,Кировская область
273,258626503.0,58.4060241,51.1388605,Зуевка,Кировская область
274,258471820.0,58.6035257,49.6639029,Киров,Кировская область
275,257025029.0,58.5421963,50.0340889,Кирово-Чепецк,Кировская область
276,258874317.0,59.3398971,52.2418232,Кирс,Кировская область
277,258908566.0,58.3053524,48.3372596,Котельнич,Кировская область
278,308213224.0,60.630329,47.255405,Луза,Кировская область
279,258945239.0,56.5206314,50.6775905,Малмыж,Кировская область
280,98213735.0,59.3951018,48.9644445,Мураши,Кировская область
281,259700955.0,57.560573899999994,49.938557926421524,Нолинск,Кировская область
282,99098467.0,58.668304,52.17625,Омутнинск,Кировская область
283,257580624.0,58.5363174,48.8850765,Орлов,Кировская область
284,259380197.0,58.7277816,50.1771234,Слободской,Кировская область
285,256480918.0,57.5861888,48.9586978,Советск,Кировская область
286,259480739.0,56.2573802,51.2842677,Сосновка,Кировская область
287,259401648.0,57.1101118,50.0003067,Уржум,Кировская область
288,257713562.0,57.3012512,47.8773055,Яранск,Кировская область
289,109504818.0,58.4816821,41.532956,Буй,Костромская область
290,259047063.0,57.440105,41.157181,Волгореченск,Костромская область
291,259336754.0,58.381382,42.347916,Галич,Костромская область
292,119684147.0,58.825497,44.311275,Кологрив,Костромская область
293,258935717.0,57.7679158,40.9269141,Кострома,Костромская область
294,257115236.0,57.880402,43.80724,Макарьев,Костромская область
295,207801619.0,58.333271,44.761791,Мантурово,Костромская область
296,259125469.0,57.460655,40.573799,Нерехта,Костромская область
297,259170710.0,58.288948,43.886444,Нея,Костромская область
298,326688120.0,59.0777596,42.29446319783264,Солигалич,Костромская область
299,100205864.0,58.7560751,42.6810952,Чухлома,Костромская область
300,259240965.0,58.37257,45.519306,Шарья,Костромская область
301,103385232.0,44.8649528,38.1578189,Абинск,Краснодарский край
302,309341182.0,44.894272,37.316887,Анапа,Краснодарский край
303,258776030.0,44.4618046,39.741048,Апшеронск,Краснодарский край
304,312973671.0,44.9993585,41.1294061,Армавир,Краснодарский край
305,98506581.0,44.7614149,39.8712943,Белореченск,Краснодарский край
306,257123494.0,44.5609447,38.0766832,Геленджик,Краснодарский край
307,258931348.0,44.6342653,39.1363613,Горячий Ключ,Краснодарский край
308,121123290.0,45.3565119,40.6962256,Гулькевичи,Краснодарский край
309,304698497.0,46.7110877,38.2747683,Ейск,Краснодарский край
310,98028494.0,45.4635863,39.4487565,Кореновск,Краснодарский край
311,311340772.0,45.0352566,38.9764814,Краснодар,Краснодарский край
312,259049575.0,45.4344413,40.5750274,Кропоткин,Краснодарский край
313,259324132.0,44.9295889,37.9880177,Крымск,Краснодарский край
314,258480982.0,44.8846971,40.5891773,Курганинск,Краснодарский край
315,259255622.0,44.6347953,40.7242185,Лабинск,Краснодарский край
316,119856433.0,45.1083184,41.0366896,Новокубанск,Краснодарский край
317,258381901.0,44.7239578,37.7690711,Новороссийск,Краснодарский край
318,101784771.0,46.043181,38.1554803,Приморско-Ахтарск,Краснодарский край
319,259176297.0,45.2490605,38.12280565132716,Славянск-на-Кубани,Краснодарский край
320,256592821.0,43.5854823,39.723109,Сочи,Краснодарский край
321,101852182.0,45.2751663,37.3905481,Темрюк,Краснодарский край
322,259079180.0,45.6123531,38.9504299,Тимашевск,Краснодарский край
323,259610798.0,45.854679,40.128124,Тихорецк,Краснодарский край
324,259258402.0,44.0984747,39.0718875,Туапсе,Краснодарский край
325,99494855.0,45.2178027,39.6896725,Усть-Лабинск,Краснодарский край
326,159054717.0,44.4231032,39.5369484,Хадыженск,Краснодарский край
327,138711352.0,54.349564,93.437813,Артёмовск,Красноярский край
328,258067485.0,56.2694846,90.4953964,Ачинск,Красноярский край
329,257965082.0,56.211464,89.531639,Боготол,Красноярский край
330,259262396.0,55.8997187,94.8930452,Бородино,Красноярский край
331,259683134.0,55.959644,92.37542,Дивногорск,Красноярский край
332,106421762.0,69.406067,86.175072,Дудинка,Красноярский край
333,259257173.0,58.4532212,92.1748169,Енисейск,Красноярский край
334,258812277.0,56.250938,93.53286,Железногорск,Красноярский край
335,257790510.0,55.965401,94.708107,Заозёрный,Красноярский край
336,258931905.0,56.11356,94.589279,Зеленогорск,Красноярский край
337,258934163.0,67.4566185,86.5308425,Игарка,Красноярский край
338,259496923.0,56.23806,96.06694,Иланский,Красноярский край
339,257938621.0,56.205997,95.706787,Канск,Красноярский край
340,258679680.0,58.596329,99.182915,Кодинск,Красноярский край
341,258372486.0,56.0090968,92.8725147,Красноярск,Красноярский край
342,259176050.0,58.223511,92.48597,Лесосибирск,Красноярский край
343,258114787.0,53.700325,91.697235,Минусинск,Красноярский край
344,259181060.0,56.011593,90.418503,Назарово,Красноярский край
345,108625812.0,69.3498394,88.200517,Норильск,Красноярский край
346,258657954.0,56.121494,93.33873,Сосновоборск,Красноярский край
347,258953868.0,55.3197221,89.8424197,Ужур,Красноярский край
348,259131695.0,55.809986,94.327774,Уяр,Красноярский край
349,258937391.0,55.5329127,89.1864204,Шарыпово,Красноярский край
350,259635607.0,56.258656,62.939163,Далматово,Курганская область
351,257457886.0,56.290913,62.579082,Катайск,Курганская область
352,259378095.0,55.45435,65.321877,Курган,Курганская область
353,124807362.0,54.909466,64.428383,Куртамыш,Курганская область
354,134607084.0,55.208321,67.252739,Макушино,Курганская область
355,259781973.0,55.064663,67.887154,Петухово,Курганская область
356,258508241.0,56.087364,63.629482,Шадринск,Курганская область
357,135720825.0,55.228207,63.282501,Шумиха,Курганская область
358,258668025.0,55.208908,62.747772,Щучье,Курганская область
359,258643296.0,52.12849,35.075439,Дмитриев,Курская область
360,258909667.0,52.3306193,35.3515011,Железногорск,Курская область
361,258411720.0,51.739433,36.179604,Курск,Курская область
362,257527305.0,51.659466,35.658863,Курчатов,Курская область
363,258908487.0,51.6906587,35.2839999,Льгов,Курская область
364,257527386.0,51.211079,36.276245,Обоянь,Курская область
365,258736620.0,51.570538,34.683506,Рыльск,Курская область
366,258861622.0,51.190708,35.270855,Суджа,Курская область
367,258643283.0,52.089344,35.859486,Фатеж,Курская область
368,259050403.0,51.870821,36.9131896,Щигры,Курская область
369,258233388.0,59.4729021,33.8489952,Бокситогорск,Ленинградская область
370,98763476.0,59.44439375,29.492515758626187,Волосово,Ленинградская область
371,258982610.0,59.9275868,32.3276803,Волхов,Ленинградская область
372,257271877.0,60.024006,30.646042,Всеволожск,Ленинградская область
373,258955633.0,60.709217,28.744051,Выборг,Ленинградская область
374,257577732.0,60.6280319,28.5688339,Высоцк,Ленинградская область
375,258341856.0,59.5706273,30.1305083,Гатчина,Ленинградская область
376,258217872.0,59.3744139,28.2192542,Ивангород,Ленинградская область
377,257967882.0,60.9526102,29.1303401,Каменногорск,Ленинградская область
378,259253577.0,59.3743982,28.5981591,Кингисепп,Ленинградская область
379,258996644.0,59.450325,32.010578,Кириши,Ленинградская область
380,258812264.0,59.8813954,30.9855331,Кировск,Ленинградская область
381,258824972.0,59.6221955,30.3919223,Коммунар,Ленинградская область
382,257681966.0,59.9025191,30.5154613,Кудрово,Ленинградская область
383,259039320.0,60.7339323,33.5457731,Лодейное Поле,Ленинградская область
384,257726187.0,58.735699,29.8475013,Луга,Ленинградская область
385,257251007.0,59.346325,31.244207,Любань,Ленинградская область
386,258837181.0,60.046193,30.4458901,Мурино,Ленинградская область
387,258696296.0,59.7034799,30.7861084,Никольское,Ленинградская область
388,258772019.0,60.1052425,32.3147626,Новая Ладога,Ленинградская область
389,259198400.0,59.772663,30.802027,Отрадное,Ленинградская область
390,258227917.0,59.5129787,34.1773573,Пикалёво,Ленинградская область
391,258191067.0,60.914291,34.162354,Подпорожье,Ленинградская область
392,111395565.0,60.366665,28.616673,Приморск,Ленинградская область
393,257238301.0,61.0385285,30.1248482,Приозерск,Ленинградская область
394,257967851.0,61.1112542,28.8701036,Светогорск,Ленинградская область
395,258230042.0,60.143707,30.207806,Сертолово,Ленинградская область
396,259139809.0,59.11726,28.086979,Сланцы,Ленинградская область
397,259077026.0,59.89695,29.076492,Сосновый Бор,Ленинградская область
398,258554643.0,60.1397073,32.5637502,Сясьстрой,Ленинградская область
399,259195380.0,59.644323,33.5418624,Тихвин,Ленинградская область
400,258947510.0,59.5412777,30.8773645,Тосно,Ленинградская область
401,258372421.0,59.940431,31.0336955,Шлиссельбург,Ленинградская область
402,258809172.0,52.49612,39.955162,Грязи,Липецкая область
403,108548113.0,53.2533095,39.1591798,Данков,Липецкая область
404,257955771.0,52.6219865,38.5003298,Елец,Липецкая область
405,259066138.0,52.387798,38.92672,Задонск,Липецкая область
406,258434961.0,53.0126146,39.127593,Лебедянь,Липецкая область
407,258875224.0,52.6041877,39.5936899,Липецк,Липецкая область
408,259068942.0,52.0506929,39.7399996,Усмань,Липецкая область
409,160650732.0,53.243015,39.966801,Чаплыгин,Липецкая область
410,259453122.0,59.5604768,150.7988617,Магадан,Магаданская область
411,,,,Сусуман,Магаданская область
412,258808740.0,55.7504461,37.6174943,Москва,Москва
413,259033483.0,55.5454564,37.0729156,Апрелевка,Московская область
414,2982279.0,55.8036225,37.9646488,Балашиха,Московская область
415,109553207.0,55.4595029,38.4389885,Белоозёрский,Московская область
416,132549373.0,55.4219938,38.2590612,Бронницы,Московская область
417,96434385.0,55.343238,36.185145,Верея,Московская область
418,258805580.0,55.5571496,37.7087142,Видное,Московская область
419,101138598.0,56.0360129,35.9583358,Волоколамск,Московская область
420,256693397.0,55.322518,38.6816824,Воскресенск,Московская область
421,258896420.0,56.3205097,36.5521708,Высоковск,Московская область
422,258714084.0,55.6149602,36.9887625,Голицыно,Московская область
423,258941535.0,55.8597808,37.1206449,Дедовск,Московская область
424,258753206.0,55.6309186,37.8496653,Дзержинский,Московская область
425,105492392.0,56.3450695,37.5200723,Дмитров,Московская область
426,258475749.0,55.9341491,37.5142417,Долгопрудный,Московская область
427,258805500.0,55.4368213,37.7680693,Домодедово,Московская область
428,102105291.0,55.7448093,38.8491341,Дрезна,Московская область
429,259236642.0,56.7362705,37.1623696,Дубна,Московская область
430,257813823.0,55.3829765,39.0356223,Егорьевск,Московская область
431,257549198.0,55.5972801,38.1199863,Жуковский,Московская область
432,258977960.0,54.7585694,38.8818137,Зарайск,Московская область
433,257288912.0,55.7293613,36.8585382,Звенигород,Московская область
434,256547618.0,55.9714098,37.9200739,Ивантеевка,Московская область
435,258597656.0,55.9145993,36.8595482,Истра,Московская область
436,257925249.0,54.837449,38.1505119,Кашира,Московская область
437,258499178.0,56.3355601,36.7351318,Клин,Московская область
438,258294997.0,55.0938743,38.7670121,Коломна,Московская область
439,259051815.0,55.9204898,37.8326289,Королёв,Московская область
440,258379128.0,55.661668,37.8673073,Котельники,Московская область
441,128188697.0,56.1210895,38.1457655,Красноармейск,Московская область
442,306119973.0,55.821744,37.3404142,Красногорск,Московская область
443,256573561.0,56.440507,38.244339,Краснозаводск,Московская область
444,258908656.0,55.5971787,37.0395057,Краснознаменск,Московская область
445,256771407.0,55.5755486,36.6952802,Кубинка,Московская область
446,95918482.0,55.5771391,38.9225824,Куровское,Московская область
447,93610195.0,55.7043101,38.9569091,Ликино-Дулёво,Московская область
448,257683804.0,56.0104473,37.4670831,Лобня,Московская область
449,258600244.0,55.8705593,38.2032701,Лосино-Петровский,Московская область
450,259031566.0,54.9655573,39.0277188,Луховицы,Московская область
451,258635313.0,55.5822477,37.9080217,Лыткарино,Московская область
452,258967918.0,55.6783142,37.89377,Люберцы,Московская область
453,258331106.0,55.5016383,36.0334703,Можайск,Московская область
454,258697320.0,55.9094928,37.7339358,Мытищи,Московская область
455,258768837.0,55.3879473,36.7398309,Наро-Фоминск,Московская область
456,99349104.0,55.8553511,38.4411898,Ногинск,Московская область
457,306236943.0,55.6711507,37.2727963,Одинцово,Московская область
458,125740535.0,54.854209,38.5598853,Озёры,Московская область
459,258817977.0,55.8083278,38.9790038,Орехово-Зуево,Московская область
460,102191698.0,55.7813357,38.6507838,Павловский Посад,Московская область
461,258611298.0,56.4158101,38.1736347,Пересвет,Московская область
462,257316997.0,55.4308841,37.5453056,Подольск,Московская область
463,255776370.0,54.8707703,37.2188629,Протвино,Московская область
464,258747090.0,56.0104274,37.8461892,Пушкино,Московская область
465,258308513.0,54.8347213,37.6139685,Пущино,Московская область
466,259062262.0,55.5709361,38.2282099,Раменское,Московская область
467,259096825.0,55.7622453,37.856555,Реутов,Московская область
468,119636002.0,55.6583239,39.8717137,Рошаль,Московская область
469,258498783.0,55.6998907,36.1946992,Руза,Московская область
470,258599668.0,56.3153529,38.1358208,Сергиев Посад,Московская область
471,209786575.0,54.9155247,37.4195533,Серпухов,Московская область
472,258048429.0,56.1853501,36.9781536,Солнечногорск,Московская область
473,258467266.0,55.8070323,38.1774172,Старая Купавна,Московская область
474,100917524.0,54.886598,38.0772589,Ступино,Московская область
475,97117116.0,56.730941,37.528016,Талдом,Московская область
476,258993340.0,55.954618,38.0567691,Фрязино,Московская область
477,257978503.0,55.8892847,37.4449896,Химки,Московская область
478,258825582.0,56.2541234,37.9908107,Хотьково,Московская область
479,99309276.0,56.0061165,38.3835224,Черноголовка,Московская область
480,259217721.0,55.1426603,37.4545328,Чехов,Московская область
481,258616987.0,55.578403,39.5437584,Шатура,Московская область
482,259186871.0,55.9206499,37.9915576,Щёлково,Московская область
483,259054006.0,55.8792983,38.7858721,Электрогорск,Московская область
484,256639877.0,55.7903785,38.4405711,Электросталь,Московская область
485,257549125.0,55.7184467,38.2228192,Электроугли,Московская область
486,105800525.0,56.289936,37.4838441,Яхрома,Московская область
487,99750821.0,67.568626,33.404392,Апатиты,Мурманская область
488,108028769.0,69.250359,33.315281,Гаджиево,Мурманская область
489,108027042.0,69.400925,32.441334,Заозёрск,Мурманская область
490,115246955.0,69.426239,30.819939,Заполярный,Мурманская область
491,259676531.0,67.151442,32.4130551,Кандалакша,Мурманская область
492,259563719.0,67.6151331,33.6637527,Кировск,Мурманская область
493,113688599.0,67.563049,30.474108,Ковдор,Мурманская область
494,258981697.0,68.880638,33.019726,Кола,Мурманская область
495,99259968.0,67.939903,32.931679,Мончегорск,Мурманская область
496,259051030.0,68.970665,33.07497,Мурманск,Мурманская область
497,258759550.0,68.140732,33.282597,Оленегорск,Мурманская область
498,116643817.0,68.0544447,39.5129384,Островной,Мурманская область
499,257215770.0,67.374084,32.495792,Полярные Зори,Мурманская область
500,109991534.0,69.199524,33.445839,Полярный,Мурманская область
501,109857156.0,69.069168,33.416656,Североморск,Мурманская область
502,108548639.0,69.19191,33.232357,Снежногорск,Мурманская область
503,258396859.0,55.3989463,43.8408129,Арзамас,Нижегородская область
504,258825527.0,56.4870505,43.6039553,Балахна,Нижегородская область
505,259079574.0,56.103416,43.516819,Богородск,Нижегородская область
506,257409618.0,56.3598289,44.0542641,Бор,Нижегородская область
507,258915458.0,57.85287,45.7757157,Ветлуга,Нижегородская область
508,257414322.0,56.224304,43.182655,Володарск,Нижегородская область
509,259052311.0,55.988102,43.275486,Ворсма,Нижегородская область
510,257257532.0,55.318774,42.1800408,Выкса,Нижегородская область
511,257286445.0,56.132816,43.058346,Горбатов,Нижегородская область
512,257342765.0,56.647141,43.476002,Городец,Нижегородская область
513,502055.0,56.2382157,43.4617405,Дзержинск,Нижегородская область
514,257549098.0,56.639992,43.399353,Заволжье,Нижегородская область
515,259085103.0,55.821281,45.031601,Княгинино,Нижегородская область
516,258736135.0,56.149551,44.198032,Кстово,Нижегородская область
517,258609751.0,55.429287,42.511879,Кулебаки,Нижегородская область
518,258736381.0,55.034821,44.492725,Лукоянов,Нижегородская область
519,259015042.0,56.027885,45.038315,Лысково,Нижегородская область
520,259173928.0,55.544071,42.188671,Навашино,Нижегородская область
521,258311042.0,56.328571,44.003506,Нижний Новгород,Нижегородская область
522,258916194.0,55.965137,43.071114,Павлово,Нижегородская область
523,258586334.0,54.8666491,43.8054106,Первомайск,Нижегородская область
524,258353122.0,55.596546,44.544846,Перевоз,Нижегородская область
525,258372215.0,54.934631,43.334606,Саров,Нижегородская область
526,123697053.0,56.788342,44.49155,Семёнов,Нижегородская область
527,258737203.0,55.532822,45.4616976,Сергач,Нижегородская область
528,302761113.0,57.4614974,45.7878911,Урень,Нижегородская область
529,257477018.0,56.764915,43.243324,Чкаловск,Нижегородская область
530,736024.0,57.6730182,46.6152378,Шахунья,Нижегородская область
531,259479107.0,58.389009,33.9068275,Боровичи,Новгородская область
532,259024750.0,57.9791414,33.2537994,Валдай,Новгородская область
533,259244191.0,58.5609587,31.2809005856491,Великий Новгород,Новгородская область
534,97126474.0,58.844215,32.218636,Малая Вишера,Новгородская область
535,258520417.0,58.3740782,33.3009383,Окуловка,Новгородская область
536,259383697.0,58.5981825,35.81432054429986,Пестово,Новгородская область
537,258868313.0,58.119003,30.309679,Сольцы,Новгородская область
538,258557515.0,57.9898923,31.3634905,Старая Русса,Новгородская область
539,258866150.0,57.154074249999994,31.170851969494517,Холм,Новгородская область
540,258855016.0,59.1240916,31.686279384661383,Чудово,Новгородская область
541,104748492.0,55.3567611,78.350348,Барабинск,Новосибирская область
542,259218802.0,54.75795,83.1068095,Бердск,Новосибирская область
543,136807174.0,55.6715707,84.388557,Болотное,Новосибирская область
544,259165171.0,54.6426269,83.3035676,Искитим,Новосибирская область
545,259272269.0,53.73447,78.032372,Карасук,Новосибирская область
546,112865869.0,55.1929899,80.2828252,Каргат,Новосибирская область
547,106977288.0,55.4454258,78.3222294,Куйбышев,Новосибирская область
548,117037165.0,54.364929,77.30854,Купино,Новосибирская область
549,256757597.0,54.96781445,82.95159894278376,Новосибирск,Новосибирская область
550,258267592.0,54.9951335,82.6933946,Обь,Новосибирская область
551,,,,Татарск,Новосибирская область
552,104749288.0,55.23769,84.402458,Тогучин,Новосибирская область
553,258687796.0,54.226101,83.370468,Черепаново,Новосибирская область
554,259563524.0,55.09,80.970459,Чулым,Новосибирская область
555,258662952.0,54.904892,71.259987,Исилькуль,Омская область
556,,,,Калачинск,Омская область
557,121676586.0,55.564896,71.349365,Называевск,Омская область
558,259032027.0,54.991375,73.371529,Омск,Омская область
559,259524480.0,56.902587,74.3698652,Тара,Омская область
560,258873701.0,55.870556,72.196617,Тюкалинск,Омская область
561,110918995.0,53.6828,53.655701,Абдулино,Оренбургская область
562,124387221.0,53.6247165,52.4182422,Бугуруслан,Оренбургская область
563,258821793.0,52.788502,52.253899,Бузулук,Оренбургская область
564,125997987.0,51.471443,58.440517,Гай,Оренбургская область
565,123872271.0,51.478756,57.350796,Кувандык,Оренбургская область
566,119430558.0,51.4049435,57.5803138,Медногорск,Оренбургская область
567,125998848.0,51.20521645,58.32671530043477,Новотроицк,Оренбургская область
568,130378509.0,51.767452,55.097118,Оренбург,Оренбургская область
569,256571665.0,51.2305015,58.4738015,Орск,Оренбургская область
570,259549700.0,51.161289,54.996372,Соль-Илецк,Оренбургская область
571,259478829.0,52.426971,53.154175,Сорочинск,Оренбургская область
572,259274065.0,51.036957,59.873268,Ясный,Оренбургская область
573,258643349.0,53.448994,36.002232,Болхов,Орловская область
574,259298938.0,52.509418,35.145725,Дмитровск,Орловская область
575,258484554.0,52.4253859,37.6089,Ливны,Орловская область
576,154429835.0,52.399578,36.504021,Малоархангельск,Орловская область
577,257219054.0,53.278984,36.576077,Мценск,Орловская область
578,259050428.0,52.972939,37.041908,Новосиль,Орловская область
579,258316880.0,52.968017149999994,36.09949941816104,Орёл,Орловская область
580,259277738.0,52.9669338,43.4130625,Белинский,Пензенская область
581,258523756.0,53.273724,45.702282,Городище,Пензенская область
582,258679091.0,53.196014,45.169273,Заречный,Пензенская область
583,213487183.0,53.1850012,44.0529066,Каменка,Пензенская область
584,258496456.0,53.119466349999996,46.59347676165702,Кузнецк,Пензенская область
585,259793642.0,53.529991,43.673626,Нижний Ломов,Пензенская область
586,259349287.0,53.714596,46.085175,Никольск,Пензенская область
587,259154290.0,53.1937836,45.006741250609664,Пенза,Пензенская область
588,259395947.0,52.461506,44.213924,Сердобск,Пензенская область
589,259113681.0,53.92689525,43.19261628955434,Спасск,Пензенская область
590,101211066.0,53.072903,45.686054,Сурск,Пензенская область
591,258453226.0,59.163218900000004,57.580632445594915,Александровск,Пермский край
592,504285.0,59.4084171,56.8036958,Березники,Пермский край
593,259357975.0,58.0721045,54.6674847,Верещагино,Пермский край
594,259704995.0,58.374001,58.325058,Горнозаводск,Пермский край
595,259214926.0,58.566597,57.833389,Гремячинск,Пермский край
596,259420204.0,58.842407,57.555058,Губаха,Пермский край
597,259259540.0,58.46192485,56.420294488252715,Добрянка,Пермский край
598,259054470.0,59.049252,57.6535,Кизел,Пермский край
599,258964898.0,60.40546155,57.08203197046519,Красновишерск,Пермский край
600,257282681.0,58.0833042,55.76998972536403,Краснокамск,Пермский край
601,258375214.0,59.012884299999996,54.65837091312176,Кудымкар,Пермский край
602,257966507.0,57.391536200000004,56.98942623195818,Кунгур,Пермский край
603,258878784.0,58.09963345,57.796450638987736,Лысьва,Пермский край
604,258211844.0,57.943423,55.3316349,Нытва,Пермский край
605,258165176.0,57.2829207,55.4602059,Оса,Пермский край
606,259177750.0,57.7217578,55.386051,Оханск,Пермский край
607,259237153.0,57.8836175,54.715823,Очёр,Пермский край
608,258924502.0,58.0230679,56.232803119037456,Пермь,Пермский край
609,257966470.0,59.649437,56.779594,Соликамск,Пермский край
610,257191018.0,59.4180251,56.6830803,Усолье,Пермский край
611,259232358.0,56.7787468,54.1500704,Чайковский,Пермский край
612,113692505.0,60.4046807,56.4752752,Чердынь,Пермский край
613,259460902.0,58.7903862,56.15124455319237,Чёрмоз,Пермский край
614,258374627.0,56.500682,56.0762788,Чернушка,Пермский край
615,109096420.0,58.282055,57.821075,Чусовой,Пермский край
616,258412818.0,44.1608008,133.2889113,Арсеньев,Приморский край
617,319087430.0,43.3570377,132.1853629,Артем,Приморский край
618,258991780.0,43.1121194,132.3509104,Большой Камень,Приморский край
619,258695870.0,43.1150678,131.8855768,Владивосток,Приморский край
620,110415505.0,44.559457,135.5759241,Дальнегорск,Приморский край
621,256688631.0,45.9337195,133.7349056,Дальнереченск,Приморский край
622,113276804.0,45.4747744,133.4182158,Лесозаводск,Приморский край
623,259429287.0,42.8246489,132.8926,Находка,Приморский край
624,108052535.0,43.1413275,133.1436968,Партизанск,Приморский край
625,258701185.0,44.5980135,132.815701,Спасск-Дальний,Приморский край
626,104374829.0,43.7972447,131.9520752,Уссурийск,Приморский край
627,259721859.0,42.9772084,132.404905,Фокино,Приморский край
628,258854581.0,56.342361,30.527922,Великие Луки,Псковская область
629,258651330.0,58.743066,27.8156854,Гдов,Псковская область
630,138322622.0,57.8288277,29.9611357,Дно,Псковская область
631,258924687.0,56.017616,29.917128,Невель,Псковская область
632,259479101.0,57.031181,29.332918,Новоржев,Псковская область
633,258823928.0,56.347385,30.152925,Новосокольники,Псковская область
634,259251828.0,56.71167,28.656818,Опочка,Псковская область
635,258924717.0,57.344631,28.357817,Остров,Псковская область
636,118983631.0,57.813305,27.608185,Печоры,Псковская область
637,256843839.0,57.765289,29.551878,Порхов,Псковская область
638,258564795.0,57.817398,28.334368,Псков,Псковская область
639,258812708.0,56.3350632,29.3684565,Пустошка,Псковская область
640,257577367.0,57.062908,27.921061,Пыталово,Псковская область
641,110914783.0,56.2893393,28.4825575,Себеж,Псковская область
642,138061557.0,44.8833775,39.1909625,Адыгейск,Республика Адыгея
643,259064893.0,44.6062079,40.104053,Майкоп,Республика Адыгея
644,256807488.0,51.957775,85.963653,Горно-Алтайск,Республика Алтай
645,118256832.0,55.899276,53.9374202,Агидель,Республика Башкортостан
646,98930287.0,52.597919,58.30756,Баймак,Республика Башкортостан
647,258814254.0,54.106495,54.107811,Белебей,Республика Башкортостан
648,258284958.0,53.9680705,58.4099549,Белорецк,Республика Башкортостан
649,259388311.0,55.4206774,55.5407179,Бирск,Республика Башкортостан
650,98737495.0,55.031143,55.981876,Благовещенск,Республика Башкортостан
651,259825409.0,54.218571,55.026661,Давлеканово,Республика Башкортостан
652,101170417.0,55.490616,54.863895,Дюртюли,Республика Башкортостан
653,151819137.0,53.454655,56.043995,Ишимбай,Республика Башкортостан
654,110476545.0,52.760975,55.796482,Кумертау,Республика Башкортостан
655,259480732.0,54.2410247,57.9736815,Межгорье,Республика Башкортостан
656,98930226.0,52.96328,55.928612,Мелеуз,Республика Башкортостан
657,258825863.0,56.0884031,54.2478094,Нефтекамск,Республика Башкортостан
658,259348210.0,54.4809722,53.4660062,Октябрьский,Республика Башкортостан
659,99106423.0,53.361687,55.924641,Салават,Республика Башкортостан
660,258971068.0,52.720425,58.665466,Сибай,Республика Башкортостан
661,259158872.0,53.632374,55.952259,Стерлитамак,Республика Башкортостан
662,258857351.0,54.606537,53.6974004,Туймазы,Республика Башкортостан
663,326518071.0,54.7261409,55.947499,Уфа,Республика Башкортостан
664,259470841.0,54.316597,59.384636,Учалы,Республика Башкортостан
665,103564569.0,56.27076,54.931702,Янаул,Республика Башкортостан
666,170538652.0,51.7161749,105.8635328,Бабушкин,Республика Бурятия
667,258717148.0,51.3174054,106.44796676012973,Гусиноозерск,Республика Бурятия
668,169047591.0,50.377804,103.291527,Закаменск,Республика Бурятия
669,258725241.0,50.353176,106.44915,Кяхта,Республика Бурятия
670,258998655.0,55.635967,109.335648,Северобайкальск,Республика Бурятия
671,258366476.0,51.8357841,107.5839105,Улан-Удэ,Республика Бурятия
672,259752342.0,42.8260906,47.1219624,Буйнакск,Республика Дагестан
673,258271636.0,42.1152434,48.1864201,Дагестанские Огни,Республика Дагестан
674,259187182.0,42.057858,48.2887648,Дербент,Республика Дагестан
675,259006170.0,42.5710804,47.862999,Избербаш,Республика Дагестан
676,257505372.0,42.8881414,47.6424676,Каспийск,Республика Дагестан
677,259595502.0,43.1999049,46.8713343,Кизилюрт,Республика Дагестан
678,258635840.0,43.8546727,46.7139329,Кизляр,Республика Дагестан
679,259045506.0,42.9830241,47.5048717,Махачкала,Республика Дагестан
680,259557483.0,43.246916,46.5855184,Хасавюрт,Республика Дагестан
681,320146754.0,44.662231,45.645138,Южно-Сухокумск,Республика Дагестан
682,259126976.0,43.3094909,44.910334,Карабулак,Республика Ингушетия
683,193406.0,43.1666497,44.8048191,Магас,Республика Ингушетия
684,296878724.0,43.5127189,44.5869588,Малгобек,Республика Ингушетия
685,259355490.0,43.2320774,44.7540128,Назрань,Республика Ингушетия
686,131957292.0,43.3183664,45.05310873784765,Сунжа,Республика Ингушетия
687,175501451.0,46.082851,41.934269,Городовиковск,Республика Калмыкия
688,101483688.0,45.392059,47.3612822,Лагань,Республика Калмыкия
689,259729892.0,46.306999,44.270187,Элиста,Республика Калмыкия
690,112581912.0,64.5216684,34.7625835,Беломорск,Республика Карелия
691,259485470.0,64.9550895,34.5697446,Кемь,Республика Карелия
692,258926118.0,62.20929,34.268185,Кондопога,Республика Карелия
693,151220805.0,64.5873013,30.5969076,Костомукша,Республика Карелия
694,258719935.0,61.5179265,30.2038927,Лахденпохья,Республика Карелия
695,259622197.0,62.915024,34.473339,Медвежьегорск,Республика Карелия
696,116010935.0,60.979276,32.9749376,Олонец,Республика Карелия
697,258699134.0,61.790039,34.390007,Петрозаводск,Республика Карелия
698,95616879.0,61.5717807,31.4744211,Питкяранта,Республика Карелия
699,258454628.0,61.808434,36.536045,Пудож,Республика Карелия
700,132726600.0,63.7477006,34.31492949809534,Сегежа,Республика Карелия
701,258883809.0,61.70274,30.691231,Сортавала,Республика Карелия
702,117861170.0,62.09551245,32.366268473676996,Суоярви,Республика Карелия
703,258991691.0,67.4948535,64.0399469,Воркута,Республика Коми
704,101316287.0,63.844337,57.300171,Вуктыл,Республика Коми
705,132200420.0,62.598297,50.887928,Емва,Республика Коми
706,185804282.0,66.039749,60.13158,Инта,Республика Коми
707,132139006.0,62.358238,50.08218,Микунь,Республика Коми
708,259213753.0,65.1155035,57.1616254,Печора,Республика Коми
709,259106890.0,63.58523435,53.90040175016682,Сосногорск,Республика Коми
710,326527244.0,61.6685237,50.8352024,Сыктывкар,Республика Коми
711,101678797.0,65.995731,57.5571267,Усинск,Республика Коми
712,258835764.0,63.5624585,53.684243,Ухта,Республика Коми
713,259738903.0,44.4204046,34.0483715,Алупка,Республика Крым
714,259406531.0,44.677112,34.4095393,Алушта,Республика Крым
715,97186459.0,46.113261,33.6904091,Армянск,Республика Крым
716,259213515.0,44.7522963,33.8534782,Бахчисарай,Республика Крым
717,259592907.0,45.0584385,34.594959,Белогорск,Республика Крым
718,258949613.0,45.7093755,34.3899131,Джанкой,Республика Крым
719,258234446.0,45.1980721,33.36944258725357,Евпатория,Республика Крым
720,259103087.0,45.3534002,36.4538645,Керчь,Республика Крым
721,259193621.0,45.9565346,33.7979467,Красноперекопск,Республика Крым
722,258775307.0,45.1319466,33.6001281,Саки,Республика Крым
723,259433581.0,44.9521457,34.1024858,Симферополь,Республика Крым
724,259207130.0,45.0293926,35.0881549,Старый Крым,Республика Крым
725,258769708.0,44.8488369,34.971099,Судак,Республика Крым
726,258858137.0,45.033669,35.3753628,Феодосия,Республика Крым
727,259186153.0,45.393622,35.83208068979651,Щелкино,Республика Крым
728,259017796.0,44.4970713,34.1586871,Ялта,Республика Крым
729,258419845.0,55.8636579,48.3618598,Волжск,Республика Марий Эл
730,1407521.0,55.9718239,48.016105,Звенигово,Республика Марий Эл
731,258623402.0,56.6477914,47.881715511024034,Йошкар-Ола,Республика Марий Эл
732,259162976.0,56.3324346,46.5462855,Козьмодемьянск,Республика Марий Эл
733,257231920.0,54.8436669,46.2386314,Ардатов,Республика Мордовия
734,259086213.0,53.867741,44.371407,Инсар,Республика Мордовия
735,258233974.0,54.0380912,43.9156202,Ковылкино,Республика Мордовия
736,259199564.0,54.41722155,43.78771247915593,Краснослободск,Республика Мордовия
737,259030664.0,54.058735,44.954391,Рузаевка,Республика Мордовия
738,258446744.0,54.18671,45.18383,Саранск,Республика Мордовия
739,125305805.0,54.6342327,43.21511935549957,Темников,Республика Мордовия
740,257637314.0,58.608414,125.388222,Алдан,Республика Саха (Якутия)
741,136764533.0,67.5495068,133.3874618,Верхоянск,Республика Саха (Якутия)
742,163937611.0,63.754082,121.626549,Вилюйск,Республика Саха (Якутия)
743,142877218.0,60.7145488,114.9172123,Ленск,Республика Саха (Якутия)
744,103972230.0,62.541077,113.978584,Мирный,Республика Саха (Якутия)
745,259080372.0,56.6579435,124.7123042,Нерюнгри,Республика Саха (Якутия)
746,259206082.0,63.286648,118.354149,Нюрба,Республика Саха (Якутия)
747,128086974.0,60.373016,120.438751,Олёкминск,Республика Саха (Якутия)
748,127241536.0,61.48327,129.1540617,Покровск,Республика Саха (Якутия)
749,230896555.0,67.455497,153.7071456,Среднеколымск,Республика Саха (Якутия)
750,155903908.0,58.968536,126.266853,Томмот,Республика Саха (Якутия)
751,104422759.0,66.411768,112.2517294,Удачный,Республика Саха (Якутия)
752,313848847.0,62.027287,129.732086,Якутск,Республика Саха (Якутия)
753,100535234.0,43.039841,44.220451,Алагир,Республика Северная Осетия – Алания
754,98725849.0,43.1758059,44.3055486,Ардон,Республика Северная Осетия – Алания
755,100762904.0,43.1875572,44.5375689,Беслан,Республика Северная Осетия – Алания
756,259769509.0,43.024593,44.68211,Владикавказ,Республика Северная Осетия – Алания
757,122826426.0,43.160561,44.157784,Дигора,Республика Северная Осетия – Алания
758,1253429.0,43.735584,44.653614,Моздок,Республика Северная Осетия – Алания
759,258924015.0,56.5254597,52.9972512,Агрыз,Республика Татарстан
760,258924631.0,54.8629555,53.0792275,Азнакаево,Республика Татарстан
761,299956453.0,54.9005008,52.2963777,Альметьевск,Республика Татарстан
762,258785468.0,56.0909916,49.8771828,Арск,Республика Татарстан
763,103667523.0,54.4030866,53.2357016,Бавлы,Республика Татарстан
764,105798341.0,54.9747437,49.0302075,Болгар,Республика Татарстан
765,259623129.0,54.5384152,52.7955953,Бугульма,Республика Татарстан
766,257679924.0,54.9722866,48.2928964,Буинск,Республика Татарстан
767,258435812.0,55.7577131,52.0539938,Елабуга,Республика Татарстан
768,259003444.0,55.2866509,52.0056047,Заинск,Республика Татарстан
769,258309752.0,55.8477605,48.5097031,Зеленодольск,Республика Татарстан
770,259079292.0,55.7522603,48.7445774,Иннополис,Республика Татарстан
771,259064143.0,55.7823547,49.1242266,Казань,Республика Татарстан
772,258967113.0,56.1865318,50.8972087,Кукмор,Республика Татарстан
773,106166663.0,55.4051397,49.55569253230886,Лаишево,Республика Татарстан
774,259475044.0,54.5994324,52.4469099,Лениногорск,Республика Татарстан
775,258573235.0,55.7090757,51.4089032,Мамадыш,Республика Татарстан
776,259004956.0,55.8878706,52.308443,Менделеевск,Республика Татарстан
777,108575204.0,55.7255585,53.1071815,Мензелинск,Республика Татарстан
778,259059018.0,55.7419774,52.399207,Набережные Челны,Республика Татарстан
779,257032758.0,55.6412879,51.8160376,Нижнекамск,Республика Татарстан
780,258506062.0,54.4297351,50.8019579,Нурлат,Республика Татарстан
781,98514549.0,54.9342754,48.8319574,Тетюши,Республика Татарстан
782,259241956.0,55.3714831,50.6367311,Чистополь,Республика Татарстан
783,258942845.0,51.174081,90.5999914,Ак-Довурак,Республика Тыва
784,259070192.0,51.7190995,94.4300627,Кызыл,Республика Тыва
785,,,,Туран,Республика Тыва
786,854339.0,51.286018,91.582817,Чадан,Республика Тыва
787,324944227.0,51.538721,92.9194074,Шагонар,Республика Тыва
788,258455748.0,52.6510546,90.101159,Абаза,Республика Хакасия
789,259027993.0,53.7206497,91.4403553,Абакан,Республика Хакасия
790,258383648.0,53.0899015,91.4128377,Саяногорск,Республика Хакасия
791,258951608.0,54.0834652,90.0184549555963,Сорск,Республика Хакасия
792,99374420.0,53.82378765,91.29181719923315,Черногорск,Республика Хакасия
793,258763414.0,47.1139219,39.4259657,Азов,Ростовская область
794,258046892.0,47.268696,39.861362,Аксай,Ростовская область
795,257884499.0,47.138527,39.742348,Батайск,Ростовская область
796,259139051.0,48.1751778,40.7902124,Белая Калитва,Ростовская область
797,259132001.0,47.5412272,42.22788957160185,Волгодонск,Ростовская область
798,256626716.0,48.0460281,39.94867724242869,Гуково,Ростовская область
799,258821619.0,48.3382864,39.9509488,Донецк,Ростовская область
800,256623994.0,48.020645,40.118561,Зверево,Ростовская область
801,103967277.0,46.844845,40.304813,Зерноград,Ростовская область
802,258674522.0,48.3210807,40.2650679,Каменск-Шахтинский,Ростовская область
803,259144082.0,47.582352,41.097084,Константиновск,Ростовская область
804,259319201.0,47.891552,40.071899,Красный Сулин,Ростовская область
805,259396776.0,48.9196264,40.391854,Миллерово,Ростовская область
806,259258906.0,48.352379,41.828762,Морозовск,Ростовская область
807,258633611.0,47.41066,40.101986,Новочеркасск,Ростовская область
808,258818934.0,47.79626975,39.893560422039265,Новошахтинск,Ростовская область
809,122854839.0,46.700161,41.724079,Пролетарск,Ростовская область
810,258336441.0,47.2213858,39.7114196,Ростов-на-Дону,Ростовская область
811,259183434.0,46.476669,41.541008,Сальск,Ростовская область
812,258496972.0,47.516393,40.8122575,Семикаракорск,Ростовская область
813,258104297.0,47.2392184,38.87550310009352,Таганрог,Ростовская область
814,105118778.0,47.650585,42.098232,Цимлянск,Ростовская область
815,258939056.0,47.7119167,40.2115699,Шахты,Ростовская область
816,258935868.0,54.939693,41.39518,Касимов,Рязанская область
817,116644236.0,53.92099,40.019211,Кораблино,Рязанская область
818,257286984.0,54.230217,39.027538,Михайлов,Рязанская область
819,258272320.0,54.043011,39.744011,Новомичуринск,Рязанская область
820,258854711.0,54.7268415,39.5088612,Рыбное,Рязанская область
821,259327166.0,53.708878,40.062984,Ряжск,Рязанская область
822,257351566.0,54.6702523,39.68844236231995,Рязань,Рязанская область
823,259350752.0,54.35392,41.926643,Сасово,Рязанская область
824,107188334.0,53.823524,39.549274,Скопин,Рязанская область
825,112762555.0,55.130867,40.176037,Спас-Клепики,Рязанская область
826,103195001.0,54.4078801,40.380539,Спасск-Рязанский,Рязанская область
827,259467924.0,54.028687,41.712601,Шацк,Рязанская область
828,258495225.0,53.4005122,49.4955657,Жигулёвск,Самарская область
829,152197413.0,53.219738,50.633228,Кинель,Самарская область
830,258976670.0,52.80381,51.163864,Нефтегорск,Самарская область
831,258795980.0,53.099243,49.948364,Новокуйбышевск,Самарская область
832,258347910.0,53.164191,48.6712489,Октябрьск,Самарская область
833,258803575.0,53.376175,51.348053,Отрадный,Самарская область
834,259095356.0,53.646797,52.123344,Похвистнево,Самарская область
835,258911918.0,53.198627,50.113987,Самара,Самарская область
836,259222820.0,53.15538,48.474121,Сызрань,Самарская область
837,258912017.0,53.51495,49.407574,Тольятти,Самарская область
838,258911949.0,52.981285,49.711193,Чапаевск,Самарская область
839,324573229.0,59.938732,30.316229,Санкт-Петербург,Санкт-Петербург
840,137998219.0,51.942913,43.489098,Аркадак,Саратовская область
841,157697586.0,51.882442,45.012573,Аткарск,Саратовская область
842,259155422.0,52.01812,47.819141,Балаково,Саратовская область
843,259452966.0,51.537084,43.1717621,Балашов,Саратовская область
844,258605805.0,52.042755,47.386032,Вольск,Саратовская область
845,257445630.0,51.34985,48.275078,Ершов,Саратовская область
846,259027101.0,51.499947,44.484581,Калининск,Саратовская область
847,258710133.0,51.025776,45.69252,Красноармейск,Саратовская область
848,104768057.0,50.9459056,46.972462,Красный Кут,Саратовская область
849,258869556.0,51.7069911,46.7483653,Маркс,Саратовская область
850,126623918.0,50.462326,48.135532,Новоузенск,Саратовская область
851,259415046.0,52.3094494,45.3889831,Петровск,Саратовская область
852,259428701.0,52.0121253,48.8109795,Пугачёв,Саратовская область
853,258714601.0,52.259884,43.787853,Ртищево,Саратовская область
854,258735243.0,51.53952715,46.03338615081432,Саратов,Саратовская область
855,109050996.0,52.495499,48.105888,Хвалынск,Саратовская область
856,257590764.0,52.114838,47.198475,Шиханы,Саратовская область
857,259203105.0,51.5013775,46.1233093,Энгельс,Саратовская область
858,10325961.0,50.8975,142.1591667,Александровск-Сахалинский,Сахалинская область
859,259153309.0,46.7147768,142.527515,Анива,Сахалинская область
860,258973721.0,47.3241456,142.7979361,Долинск,Сахалинская область
861,258514094.0,46.632815,142.7810147,Корсаков,Сахалинская область
862,259382403.0,45.2290413,147.8751845,Курильск,Сахалинская область
863,257626833.0,48.6242527,142.7814002,Макаров,Сахалинская область
864,259062286.0,46.6879219,141.8599427,Невельск,Сахалинская область
865,108230715.0,53.5891082,142.9497542,Оха,Сахалинская область
866,258918906.0,49.2216366,143.1015759,Поронайск,Сахалинская область
867,149751720.0,50.6683048,156.1154399,Северо-Курильск,Сахалинская область
868,259053897.0,47.7612087,142.063478,Томари,Сахалинская область
869,259783707.0,49.079296,142.0633622,Углегорск,Сахалинская область
870,257701812.0,47.0545875,142.0487125,Холмск,Сахалинская область
871,257011654.0,46.9574273,142.727438,Южно-Сахалинск,Сахалинская область
872,257297411.0,57.850811,61.695,Алапаевск,Свердловская область
873,97298819.0,56.6954649,60.8504536,Арамиль,Свердловская область
874,258757474.0,57.3998447,61.96666621799851,Артемовский,Свердловская область
875,99838946.0,57.0052746,61.4580765,Асбест,Свердловская область
876,257538847.0,56.90979,60.812012,Берёзовский,Свердловская область
877,101237641.0,56.7683407,62.0520774,Богданович,Свердловская область
878,98924735.0,57.3748048,59.9320354,Верхний Тагил,Свердловская область
879,99106387.0,56.9724682,60.5738926,Верхняя Пышма,Свердловская область
880,116326498.0,58.043598,60.554832,Верхняя Салда,Свердловская область
881,97777065.0,58.3605,59.81823,Верхняя Тура,Свердловская область
882,259511934.0,58.861702,60.809338,Верхотурье,Свердловская область
883,116513601.0,59.9347177,60.0779677,Волчанск,Свердловская область
884,3705909.0,56.698341,60.086807,Дегтярск,Свердловская область
885,316779758.0,56.839104,60.60825,Екатеринбург,Свердловская область
886,101428019.0,56.8149706,61.3205936,Заречный,Свердловская область
887,102610576.0,60.6973287,60.4172583,Ивдель,Свердловская область
888,257537169.0,57.674042,63.063778,Ирбит,Свердловская область
889,101094517.0,56.415451,61.917797,Каменск-Уральский,Свердловская область
890,257149807.0,56.846161,62.712154,Камышлов,Свердловская область
891,102758870.0,59.7667893,60.0009267,Карпинск,Свердловская область
892,98924593.0,58.6981697,59.4810114,Качканар,Свердловская область
893,3618186.0,57.4264892,60.0664537,Кировград,Свердловская область
894,100974140.0,59.764631,60.1936117,Краснотурьинск,Свердловская область
895,116668494.0,58.357063,60.037445,Красноуральск,Свердловская область
896,258905305.0,56.604538,57.771313,Красноуфимск,Свердловская область
897,98737572.0,58.281757,59.762329,Кушва,Свердловская область
898,258923859.0,58.63644,59.789658,Лесной,Свердловская область
899,97298791.0,56.444538,59.124191,Михайловск,Свердловская область
900,259511967.0,57.4924036,60.2105408,Невьянск,Свердловская область
901,97789020.0,56.6619,59.30003,Нижние Серги,Свердловская область
902,257227799.0,57.905149,59.9508466,Нижний Тагил,Свердловская область
903,116986122.0,58.071352,60.7146772,Нижняя Салда,Свердловская область
904,258650654.0,58.618427,59.867397,Нижняя Тура,Свердловская область
905,95715155.0,59.052734,60.595974,Новая Ляля,Свердловская область
906,322773898.0,57.247047,60.095818,Новоуральск,Свердловская область
907,98924680.0,56.904858,59.943119,Первоуральск,Свердловская область
908,100359130.0,56.442108,60.165859,Полевской,Свердловская область
909,259481318.0,56.8000651,59.9086688,Ревда,Свердловская область
910,104715689.0,57.370647,61.4042865,Реж,Свердловская область
911,123007917.0,60.15016,59.960517,Североуральск,Свердловская область
912,95606462.0,59.6051905,60.574043,Серов,Свердловская область
913,259639776.0,56.991631,60.46888,Среднеуральск,Свердловская область
914,101515625.0,56.9047389,62.0350233,Сухой Лог,Свердловская область
915,99170652.0,56.5030175,60.8093215,Сысерть,Свердловская область
916,258804358.0,58.0413743,65.2719986,Тавда,Свердловская область
917,103008199.0,57.014816,63.730244,Талица,Свердловская область
918,103685159.0,58.041454,63.697552,Туринск,Свердловская область
919,257834680.0,44.6054434,33.5220842,Севастополь,Севастополь
920,259250078.0,55.6045223,31.1949976,Велиж,Смоленская область
921,258653464.0,55.2103563,34.2995187,Вязьма,Смоленская область
922,259270823.0,55.55338655,34.99051315482606,Гагарин,Смоленская область
923,258907685.0,55.2643778,31.5178326,Демидов,Смоленская область
924,257913918.0,54.1516661,33.2881028,Десногорск,Смоленская область
925,258232020.0,54.9148236,33.2989051,Дорогобуж,Смоленская область
926,257927097.0,55.1907803,32.4060434,Духовщина,Смоленская область
927,257890630.0,54.5764954,33.1891698,Ельня,Смоленская область
928,257889932.0,54.404776,32.4407898,Починок,Смоленская область
929,257595643.0,53.9448678,32.84793172853266,Рославль,Смоленская область
930,259046227.0,54.9471458,31.0906286,Рудня,Смоленская область
931,258789383.0,55.1084278,33.2376513,Сафоново,Смоленская область
932,259049580.0,54.77897005,32.04718121915615,Смоленск,Смоленская область
933,257939310.0,55.8269908,34.2770455,Сычёвка,Смоленская область
934,257544094.0,55.0662279,32.6883609,Ярцево,Смоленская область
935,141084392.0,45.100857,43.420868,Благодарный,Ставропольский край
936,259283972.0,44.780533,44.163357,Будённовск,Ставропольский край
937,259551220.0,44.1478944,43.4741718,Георгиевск,Ставропольский край
938,259110411.0,44.03756695,42.850761419668814,Ессентуки,Ставропольский край
939,259363387.0,44.1424034,43.0090751,Железноводск,Ставропольский край
940,259235146.0,44.403175,43.884163,Зеленокумск,Ставропольский край
941,259779464.0,45.3740796,41.7121154,Изобильный,Ставропольский край
942,133357508.0,45.719723,42.916286,Ипатово,Ставропольский край
943,302746091.0,43.9128743,42.7192186,Кисловодск,Ставропольский край
944,259639939.0,44.1050468,42.9731466,Лермонтов,Ставропольский край
945,259140279.0,44.2107377,43.134969,Минеральные Воды,Ставропольский край
946,259231255.0,45.1324913,42.0263304,Михайловск,Ставропольский край
947,259569555.0,44.6245814,41.9475941,Невинномысск,Ставропольский край
948,133467117.0,44.752205,44.985077,Нефтекумск,Ставропольский край
949,121154640.0,45.4952532,41.2198866,Новоалександровск,Ставропольский край
950,100060691.0,43.961891,43.6311,Новопавловск,Ставропольский край
951,257567300.0,44.039775,43.0706669,Пятигорск,Ставропольский край
952,133753199.0,45.3406133,42.8459286,Светлоград,Ставропольский край
953,259482311.0,45.0433245,41.9690934,Ставрополь,Ставропольский край
954,258331220.0,51.843933,41.470367,Жердевка,Тамбовская область
955,258705997.0,52.654755,42.72496,Кирсанов,Тамбовская область
956,258847578.0,52.59332675,41.51307094486083,Котовск,Тамбовская область
957,259271610.0,52.8946613,40.5071721,Мичуринск,Тамбовская область
958,258997173.0,53.442902,41.813099,Моршанск,Тамбовская область
959,257321735.0,52.658699,41.879002,Рассказово,Тамбовская область
960,258858513.0,52.72879,41.45536,Тамбов,Тамбовская область
961,258447384.0,51.989845,42.258396,Уварово,Тамбовская область
962,257896598.0,56.646801,32.26532,Андреаполь,Тверская область
963,259165233.0,57.781357,36.692535,Бежецк,Тверская область
964,258012295.0,55.833073,32.939487,Белый,Тверская область
965,258315074.0,57.885204,34.049603,Бологое,Тверская область
966,104433866.0,58.6637264,37.2626496,Весьегонск,Тверская область
967,258117570.0,57.588303,34.5714,Вышний Волочёк,Тверская область
968,259104630.0,56.2588518,32.0706461,Западная Двина,Тверская область
969,258012270.0,56.170071,34.585182,Зубцов,Тверская область
970,257149507.0,57.2400206,37.8404883,Калязин,Тверская область
971,258969865.0,57.361755,37.611454,Кашин,Тверская область
972,258301022.0,56.8734395,37.3556968,Кимры,Тверская область
973,258637108.0,56.7131572,36.7775654,Конаково,Тверская область
974,259251988.0,58.056507,37.114731,Красный Холм,Тверская область
975,258943158.0,57.0314657,34.1796637,Кувшиново,Тверская область
976,259235154.0,57.1244437,35.4665276,Лихославль,Тверская область
977,259187217.0,56.226097,32.771111,Нелидово,Тверская область
978,258688167.0,57.1557583,33.1013213,Осташков,Тверская область
979,258671101.0,56.2565207,34.328649,Ржев,Тверская область
980,258718511.0,56.5081105,34.9314738,Старица,Тверская область
981,258968697.0,56.858675,35.9208284,Тверь,Тверская область
982,258818598.0,57.040794,34.973373,Торжок,Тверская область
983,258915619.0,56.496479,31.641077,Торопец,Тверская область
984,259472782.0,57.877998,35.0042,Удомля,Тверская область
985,259813643.0,56.999187,86.14167,Асино,Томская область
986,130308687.0,57.56192,79.570801,Кедровый,Томская область
987,130446036.0,58.313667,82.903557,Колпашево,Томская область
988,131523223.0,56.603161,84.881012,Северск,Томская область
989,121486668.0,60.732758,77.600807,Стрежевой,Томская область
990,259415839.0,56.488712,84.952324,Томск,Томская область
991,258945650.0,54.5028103,37.0667213,Алексин,Тульская область
992,104190492.0,53.811798,36.137001,Белёв,Тульская область
993,103021696.0,53.773571,38.126965,Богородицк,Тульская область
994,124643433.0,54.085094,37.829109,Болохово,Тульская область
995,258970089.0,54.3506275,38.266561,Венёв,Тульская область
996,259262232.0,53.965651,38.3183367,Донской,Тульская область
997,185872618.0,53.141834,38.116188,Ефремов,Тульская область
998,103436146.0,53.9699,38.5327,Кимовск,Тульская область
999,259430111.0,53.926712,37.929916,Киреевск,Тульская область
1000,107036428.0,53.9402404,37.7018766,Липки,Тульская область
1001,258480891.0,54.011013,38.290943,Новомосковск,Тульская область
1002,104381201.0,53.7068732,37.2920333,Плавск,Тульская область
1003,258013587.0,53.9346588,37.6320858,Советск,Тульская область
1004,135680661.0,54.12236,36.500027,Суворов,Тульская область
1005,258802672.0,54.1930321,37.61754,Тула,Тульская область
1006,258750481.0,53.978512,38.160255,Узловая,Тульская область
1007,104892148.0,54.0970949,36.2448438,Чекалин,Тульская область
1008,257596791.0,54.004465,37.5179079,Щёкино,Тульская область
1009,257671757.0,54.4792708,37.693329,Ясногорск,Тульская область
1010,259095774.0,63.7156353,66.6667691,Белоярский,Ханты-Мансийский автономный округ – Югра
1011,259054145.0,64.4337824,76.4898086,Губкинский,Ямало-Ненецкий автономный округ
1012,134776170.0,56.509293,66.539261,Заводоуковск,Тюменская область
1013,258700459.0,56.110912,69.473366,Ишим,Тюменская область
1014,257197855.0,62.26798,74.4889068,Когалым,Ханты-Мансийский автономный округ – Югра
1015,515868.0,66.6596392,66.3861831,Лабытнанги,Ямало-Ненецкий автономный округ
1016,257954404.0,61.25166204999999,75.17881042039596,Лангепас,Ханты-Мансийский автономный округ – Югра
1017,104571104.0,61.622494,72.165138,Лянтор,Ханты-Мансийский автономный округ – Югра
1018,257343795.0,61.035404,76.108215,Мегион,Ханты-Мансийский автономный округ – Югра
1019,258313492.0,63.7947977,74.4969322,Муравленко,Ямало-Ненецкий автономный округ
1020,259312055.0,65.5336238,72.5113955,Надым,Ямало-Ненецкий автономный округ
1021,258986031.0,61.090309,72.6101,Нефтеюганск,Ханты-Мансийский автономный округ – Югра
1022,97718703.0,60.9391866,76.55117870683605,Нижневартовск,Ханты-Мансийский автономный округ – Югра
1023,320827949.0,66.085196,76.6799167,Новый Уренгой,Ямало-Ненецкий автономный округ
1024,259184377.0,63.1191178,75.34670351236167,Ноябрьск,Ямало-Ненецкий автономный округ
1025,258703724.0,62.1445646,65.4349289,Нягань,Ханты-Мансийский автономный округ – Югра
1026,258313515.0,61.7441164,75.5968105,Покачи,Ханты-Мансийский автономный округ – Югра
1027,259263695.0,60.755116,72.839981,Пыть-Ях,Ханты-Мансийский автономный округ – Югра
1028,257315863.0,62.135315,77.462616,Радужный,Ханты-Мансийский автономный округ – Югра
1029,105116308.0,66.5375387,66.6157469,Салехард,Ямало-Ненецкий автономный округ
1030,259241104.0,61.362099,63.57354,Советский,Ханты-Мансийский автономный округ – Югра
1031,258856477.0,61.254032,73.3964,Сургут,Ханты-Мансийский автономный округ – Югра
1032,311446467.0,64.9219991,77.779459,Тарко-Сале,Ямало-Ненецкий автономный округ
1033,258736539.0,58.1998048,68.2512924,Тобольск,Тюменская область
1034,257012570.0,57.153534,65.542274,Тюмень,Тюменская область
1035,258444746.0,60.12912,64.803627,Урай,Ханты-Мансийский автономный округ – Югра
1036,257611299.0,61.0049412,69.02422777099943,Ханты-Мансийск,Ханты-Мансийский автономный округ – Югра
1037,258284502.0,61.3149709,63.3315999,Югорск,Ханты-Мансийский автономный округ – Югра
1038,258090989.0,56.648974949999996,66.2968841383236,Ялуторовск,Тюменская область
1039,258756521.0,57.052505,53.990612,Воткинск,Удмуртская Республика
1040,257919832.0,58.1401196,52.6464388,Глазов,Удмуртская Республика
1041,258688999.0,56.86051745,53.197730742455306,Ижевск,Удмуртская Республика
1042,98924635.0,56.2652515,54.1945613,Камбарка,Удмуртская Республика
1043,259445879.0,56.44903635,52.21859474400328,Можга,Удмуртская Республика
1044,257984049.0,56.4811552,53.78279376532065,Сарапул,Удмуртская Республика
1045,259480132.0,53.6540758,47.1013737,Барыш,Ульяновская область
1046,259042928.0,54.2188995,49.6038982,Димитровград,Ульяновская область
1047,135645155.0,53.8579402,46.3573236,Инза,Ульяновская область
1048,259165260.0,54.1464093,48.3916541,Новоульяновск,Ульяновская область
1049,259436222.0,53.9588733,48.7872182,Сенгилей,Ульяновская область
1050,259017998.0,54.3107593,48.3642771,Ульяновск,Ульяновская область
1051,258689183.0,50.278939449999996,136.89947857336614,Амурск,Хабаровский край
1052,259635267.0,46.819363,134.254822,Бикин,Хабаровский край
1053,259389411.0,47.533455,134.757874,Вяземский,Хабаровский край
1054,258906503.0,50.550877,137.020782,Комсомольск-на-Амуре,Хабаровский край
1055,259179347.0,53.138729,140.72493,Николаевск-на-Амуре,Хабаровский край
1056,258626145.0,48.966297,140.284958,Советская Гавань,Хабаровский край
1057,257431283.0,48.481403,135.076935,Хабаровск,Хабаровский край
1058,644282.0,54.9908896,57.2780531,Аша,Челябинская область
1059,259783651.0,54.936657,58.810249,Бакал,Челябинская область
1060,102769879.0,53.878002,59.21138,Верхнеуральск,Челябинская область
1061,259576078.0,56.052029,60.226448,Верхний Уфалей,Челябинская область
1062,99398662.0,54.759121,61.313198,Еманжелинск,Челябинская область
1063,258571908.0,55.1674213,59.6792625,Златоуст,Челябинская область
1064,97298768.0,55.485809,60.209541,Карабаш,Челябинская область
1065,116696498.0,53.053261,60.639172,Карталы,Челябинская область
1066,97777010.0,55.8904193,60.7538518,Касли,Челябинская область
1067,97776984.0,54.753479,58.205784,Катав-Ивановск,Челябинская область
1068,259782343.0,55.1131951,61.6216332,Копейск,Челябинская область
1069,257397370.0,54.889923,61.407963,Коркино,Челябинская область
1070,113966061.0,55.336521,59.445938,Куса,Челябинская область
1071,99103328.0,55.709923,60.551208,Кыштым,Челябинская область
1072,259723119.0,53.4242184,58.983136,Магнитогорск,Челябинская область
1073,99170684.0,55.065304,60.108337,Миасс,Челябинская область
1074,15430064.0,55.0709139,57.5485021,Миньяр,Челябинская область
1075,96928450.0,56.055508,59.598629,Нязепетровск,Челябинская область
1076,1445240.0,55.76046,60.705101,Озёрск,Челябинская область
1077,116815904.0,54.369812,60.807091,Пласт,Челябинская область
1078,258637466.0,55.04667015,58.96060250930489,Сатка,Челябинская область
1079,259657731.0,54.9872705,57.6847437,Сим,Челябинская область
1080,888300.0,56.087009,60.732674,Снежинск,Челябинская область
1081,106150407.0,54.8151264,58.4466273,Трёхгорный,Челябинская область
1082,259790872.0,54.084549,61.551991,Троицк,Челябинская область
1083,97298764.0,54.9307169,58.1743686,Усть-Катав,Челябинская область
1084,258894860.0,54.977795,60.37009,Чебаркуль,Челябинская область
1085,259352948.0,55.1598408,61.4025547,Челябинск,Челябинская область
1086,98657567.0,54.4425364,61.2682731,Южноуральск,Челябинская область
1087,661261.0,54.870075,58.427807,Юрюзань,Челябинская область
1088,116785788.0,43.2950455,45.8688918,Аргун,Чеченская Республика
1089,257044779.0,43.3197031,45.6934308,Грозный,Чеченская Республика
1090,116525544.0,43.35696145,46.10078636190259,Гудермес,Чеченская Республика
1091,152385332.0,43.20005,46.090786,Курчалой,Чеченская Республика
1092,116786235.0,43.133102,45.538425,Урус-Мартан,Чеченская Республика
1093,118900879.0,43.153942,45.906578,Шали,Чеченская Республика
1094,258337681.0,54.84582955,46.562748428457304,Алатырь,Чувашская Республика
1095,259238708.0,55.514816100000004,47.49863071889008,Канаш,Чувашская Республика
1096,259003988.0,55.8414764,48.2484231,Козловка,Чувашская Республика
1097,259102769.0,56.1178077,47.7220654,Мариинский Посад,Чувашская Республика
1098,259274727.0,56.09862685,47.51815143056067,Новочебоксарск,Чувашская Республика
1099,258704223.0,55.8661072,47.473703,Цивильск,Чувашская Республика
1100,326297174.0,56.1307195,47.2449597,Чебоксары,Чувашская Республика
1101,258987354.0,55.4985162,46.4186725,Шумерля,Чувашская Республика
1102,297778131.0,55.9407976,46.2006586,Ядрин,Чувашская Республика
1103,504165.0,64.7316875,177.5060925,Анадырь,Чукотский автономный округ
1104,104537398.0,68.0550305,166.4448515,Билибино,Чукотский автономный округ
1105,124058971.0,69.7028171,170.2746851,Певек,Чукотский автономный округ
1106,259469052.0,57.3032827,39.8537697,Гаврилов-Ям,Ярославская область
1107,259052336.0,58.188808,40.175114,Данилов,Ярославская область
1108,257932185.0,58.35762,40.691818,Любим,Ярославская область
1109,259481588.0,57.784725,38.451595,Мышкин,Ярославская область
1110,259161382.0,56.7366104,38.8462821,Переславль-Залесский,Ярославская область
1111,258914645.0,58.503201,39.119701,Пошехонье,Ярославская область
1112,259056467.0,57.2012699,39.422192111506064,Ростов,Ярославская область
1113,258807280.0,58.050373,38.834637,Рыбинск,Ярославская область
1114,259241767.0,57.875385,39.527214,Тутаев,Ярославская область
1115,257920676.0,57.526783,38.316689,Углич,Ярославская область
1116,258977290.0,57.6263877,39.8933705,Ярославль,Ярославская область
